,review_id,good,new,perfect,easy,great,never,negative,bad,dead,horrible
0,RY52KZABZK8QF,not,not,not,not,not,not,not,not,not,not
1,R3GCOEV4HYZG2I,in,not,not,not,not,not,not,not,not,not
2,R1V2OPPNL0QGCE,not,not,not,not,in,not,not,not,not,not
3,R9Q0QDTLKV567,not,not,not,not,not,not,not,not,not,not
4,R3DL7HYC3QTWNI,not,not,not,not,not,not,not,not,not,not
5,R3M88678ZYC6WI,not,not,not,not,in,not,not,not,not,not
6,R2G20T7N6L3HO1,not,not,not,not,in,not,not,not,not,not
7,R29F0E6EJJCEEM,not,not,not,in,not,not,not,not,not,not
8,R1WU4A3QFKJ0HT,not,not,not,not,not,not,not,not,not,not
9,R2Q061UH1EJHIJ,not,not,not,not,not,not,not,not,not,not
10,R2F0TUS62C3ZCN,not,not,in,not,not,not,not,not,not,not
11,R2X9MN0B0MVUZT,not,not,not,not,not,not,not,not,not,not
12,R35P4D0NHKAGKE,not,not,not,not,not,not,not,not,not,not
13,R2V6PXBBC9ZPKZ,not,in,not,not,not,in,not,not,not,not
14,R1MTXPHNTE0OEM,not,in,in,not,not,in,not,not,not,not
15,RR48906IDDC7R,not,not,not,not,in,not,not,not,not,not
16,R3BRGLMPYWFS2N,not,not,not,not,not,not,not,not,not,not
17,R1FB7BN6Z0L3XO,not,in,in,not,not,not,not,not,not,not
18,R3U4EMQXXN5ZWA,not,not,not,in,in,not,not,in,not,not
19,RCFH27W77OTPH,not,not,in,not,in,not,not,not,not,not
20,R2R63T6FP7G9JL,in,not,not,not,not,not,not,not,not,not
21,RLQM6VC4WYV08,not,not,not,not,not,not,not,not,not,not
22,R3YSEIBEK0XYT,not,not,not,not,not,not,not,not,not,not
23,R9HXJK5NX9IPY,not,not,not,not,not,not,not,not,not,not
24,R14FJ9TGHJN8X8,not,not,not,not,in,not,not,not,not,not
25,R36FKD0RA85LD2,not,not,not,not,not,not,not,not,not,not
26,RV08WAK7KQ5C8,not,not,not,not,not,not,not,not,not,not
27,RUMJPRPFJFIZ2,not,not,not,not,not,not,not,not,not,not
28,R29HSQ1GJXRRXH,not,not,not,not,in,not,not,not,not,not
29,RRO2C7LNHYSSL,not,not,not,not,not,not,not,not,not,not
30,ROKWTKVHCUN0D,not,not,not,not,in,not,not,not,not,not
31,R23IP4R4VPCU7W,not,not,not,not,not,not,not,not,not,not
32,R3ALDVS4RB8YJD,not,not,not,not,in,not,not,not,not,not
33,R7LFUNGK7ZW6L,not,not,not,not,not,not,not,not,not,not
34,RYUZHTA87W6I9,not,not,not,not,not,not,not,not,not,not
35,R2UQX5X29O3ICI,not,not,in,not,not,not,not,not,not,not
36,R3MSBQ3L6OIFIP,not,not,not,not,not,not,not,not,not,not
37,RPR2PCYD8LDEM,not,not,not,not,not,not,not,not,not,not
38,R17Z5LA3XNPOSX,not,not,not,not,in,not,not,not,not,not
39,R1V1MIFZU32A97,not,not,not,not,in,not,not,not,not,not
40,R33HSAVWTVNLG6,not,not,not,not,not,not,not,not,not,not
41,R37VRG2JRLUORR,in,not,not,not,not,not,not,not,not,not
42,R1UFH7URKHIN3E,not,in,not,not,not,not,not,not,not,not
43,R3M0JKAJ6MB493,not,not,not,in,not,not,not,not,not,not
44,RE5FI6X7K940Q,not,not,not,not,not,not,not,not,not,not
45,R4IVJK585QSVN,in,not,not,not,not,not,not,not,not,not
46,R191WJ8DHZTEB3,not,not,not,not,not,not,not,not,not,not
47,RX0KIGMX2MNAG,in,not,not,not,not,not,not,not,not,not
48,R33QQZWE5WZ1MK,not,not,not,in,not,not,not,not,not,not
49,R2XD9H8S4VPDDT,not,not,not,in,in,not,not,not,not,not
50,R2OXNE998ILXLZ,not,not,not,not,not,not,not,not,not,not
51,R1CXMZHGT72D65,not,not,not,in,not,not,not,not,not,not
52,RUXO2SYPJHRAR,in,in,not,not,not,not,not,not,not,not
53,R1DDJOZCYZBOT9,not,not,not,not,not,not,not,not,not,not
54,R2A9T9J3IZ5H5E,not,not,not,not,not,not,not,not,not,in
55,R3EPBXK1X7BZDI,not,in,not,not,not,not,not,not,not,not
56,R1HFUJLGGZLA2X,not,not,not,not,not,not,not,not,not,not
57,R1SGRCSYQEMI0F,not,in,not,not,not,in,not,not,not,not
58,R198VUDI60EYSE,not,not,not,not,not,not,not,not,not,not
59,R2VDH787K2ZDVS,not,not,not,not,not,not,not,not,not,not
60,RJSZGT70TBDBX,not,not,not,not,not,not,not,not,not,not
61,R1LKTKXR8G1437,not,not,not,not,not,not,not,not,not,not
62,R2UDBTRZJPU09T,not,not,not,not,not,not,not,not,not,not
63,R2487ZJ2GCE02N,in,not,not,not,not,not,not,not,not,not
64,R33PO0Y4KJSRIB,not,in,not,not,not,not,not,not,not,not
65,R32U84HFYW9RAB,not,not,not,in,in,not,not,not,not,not
66,R243KI1FG0AU9V,not,not,not,not,not,not,not,not,not,not
67,R2WZZTZYTMETND,not,not,not,not,in,not,not,not,not,not
68,R3E7YAWJUADFEN,not,not,not,not,not,not,not,not,not,not
69,R2DJ78G40RCH9Z,not,not,in,not,not,not,not,not,not,not
70,RN8OH8WQQAE3Z,not,not,not,not,not,not,not,not,not,not
71,R1J4VBBQ7CY8LY,not,not,not,not,not,not,not,in,not,not
72,RRC3S9SHXY1XP,in,not,not,not,not,not,not,not,not,not
73,R2S6C5PBXVCHFD,not,not,not,not,not,not,not,not,not,not
74,R1RCBMXTERHOHJ,not,not,not,not,not,not,not,not,not,not
75,RTRM5DKF96E9D,in,not,in,not,not,not,not,not,not,not
76,R32N9OYUHZYHKB,not,not,in,not,not,not,not,in,not,not
77,R39MLY03O5BEIB,not,not,not,not,not,not,not,not,not,not
78,R24L0SMFBBZ6HY,not,not,not,not,not,not,not,not,not,not
79,R30L6DPZXQ6JDR,not,not,not,not,in,not,not,not,not,not
80,R3B1AXP92P40OK,not,not,not,not,not,not,not,not,not,not
81,R199R4XPI71OP6,not,not,not,in,not,not,not,not,not,not
82,R24NEPZ4WFT7C0,not,not,not,not,not,not,not,not,not,not
83,R1PIZ8HOJNUTAF,not,not,not,not,not,not,not,not,not,not
84,R2B33BCFFCQ4DW,in,not,in,not,not,not,not,not,not,not
85,R23V86M1E49J6O,not,not,not,not,in,not,not,not,not,not
86,R2E1MRFF2ETWMV,not,not,not,not,not,not,not,not,not,not
87,R7AL22LD3THYB,in,not,not,not,in,not,not,not,not,not
88,R3RHTF0LIO1OBB,not,not,not,not,not,not,not,not,not,not
89,R1AJIP6XR52IJV,not,in,not,not,in,not,not,not,not,not
90,R23Q0HY498I6ZP,not,not,not,not,not,not,not,not,not,not
91,R2CJ5TXV3GIRDY,not,not,not,not,not,not,not,not,not,not
92,R2L4EY0P304JL8,not,not,not,not,not,not,not,not,not,not
93,R3MIJAFRTBPML3,not,not,not,not,in,not,not,not,not,not
94,R3E421W44VLOGE,not,not,not,not,not,not,not,not,not,not
95,R3WP6JWEIUWIA,not,not,not,not,not,not,not,not,not,not
96,R2BODWYT9PR3JB,not,not,not,not,not,not,not,not,not,not
97,RYOE2GLDD0U0X,not,not,not,not,not,not,not,not,not,not
98,R1KHFT5CGKK48W,not,not,not,not,not,in,not,not,not,not
99,R2D7WQTXCQ18T6,not,not,not,not,not,not,not,not,not,not
100,R2ZYJNJLVR8CP0,in,not,not,not,not,not,not,not,not,not
101,R3P9DLH7MBKD1M,not,not,not,not,not,not,not,not,not,not
102,RL1QISLPTAI4,in,not,not,not,not,not,not,not,not,not
103,R3K2D443JAU9RW,not,not,not,not,not,not,not,not,not,not
104,R1BR2L4W12N06P,not,not,not,not,in,not,not,not,not,not
105,R3IKOSBYNYQXBP,not,not,not,not,not,not,not,not,not,not
106,R3B2XBII0AQEFS,not,not,not,not,not,not,not,not,not,not
107,R7GHMJIK7ZYZQ,not,not,not,not,not,not,not,not,not,not
108,RL3IWA2QSALS8,not,not,not,not,not,not,not,not,not,not
109,R1LD5M4RE6WLCE,not,not,not,not,not,not,not,not,not,not
110,R16Q3SEKYGVNE6,in,not,in,not,in,not,not,not,not,not
111,R1JYKFIFTON0K9,in,not,not,not,not,not,not,not,not,not
112,REKNRPIWYQC90,not,not,not,not,not,not,not,not,not,not
113,R2UL1AD92GYETH,not,not,not,not,not,not,not,not,not,not
114,R10L8O0TS6FAG4,not,in,not,in,in,not,not,not,not,not
115,R1WS8X1AG8C5MN,not,not,not,not,not,not,not,not,not,not
116,R2M9JER1R33XNZ,not,not,not,not,not,not,not,not,not,not
117,R2NR0KJ8SLR2WL,not,in,not,not,not,not,not,not,not,not
118,R9ECQ1ZR56HC2,in,not,in,in,not,not,not,not,not,not
119,R3OQ1KN5DVJ89D,in,in,not,not,not,not,not,not,not,not
120,RAPJI82JLVHI1,not,not,not,not,not,not,not,not,not,not
121,R3TC2LG93ZKSXR,not,not,not,not,not,not,not,not,not,not
122,R1ZWVVTCOWDM71,not,not,not,not,not,not,not,not,not,not
123,R2WP0WR00QL0V1,not,not,not,not,not,not,not,not,not,not
124,R2QH24GL108GJ8,not,not,not,not,not,not,not,not,not,not
125,RY4326S1Y1KGT,not,not,not,not,in,not,not,not,not,not
126,RQGWL6FSHWCHS,in,not,not,in,not,not,not,not,not,not
127,R2YLWV5JRVCK78,not,not,not,not,not,not,not,not,not,not
128,R3LWJVDVB6KWCV,not,not,not,not,not,not,not,not,not,not
129,R2SB6J0RPRDTLH,not,not,not,not,not,not,not,not,not,not
130,R1RZY6WFAX3VL5,not,not,not,not,not,not,not,not,not,not
131,R10PK7DWAEONM6,not,in,not,in,not,not,not,not,not,not
132,R2OWZI76PO1NG9,in,not,not,not,not,not,not,not,not,not
133,R3TDTW18NRVOQR,not,in,not,not,not,not,not,not,not,not
134,R3OZD227MDBDHL,in,not,in,not,not,not,not,not,not,not
135,R15A4WHTTFWEI8,not,not,not,not,not,not,not,not,not,not
136,R1QWHQ8TFNMJ40,not,not,not,not,not,not,not,not,not,not
137,ROJMMFHOJTELU,not,in,not,not,not,not,not,not,not,not
138,R3E0UBBYGRCFRR,not,not,in,not,not,not,not,not,not,not
139,R23DF21WLIID6F,not,not,not,not,not,not,not,not,not,not
140,R2S14XJ2751E4X,not,not,not,not,not,not,not,not,not,not
141,R29P1XS5DMQ7FY,not,not,not,not,not,not,in,not,not,not
142,RWI2FSOJQXPTW,not,not,not,not,not,not,in,not,not,not
143,R2C1SZLAR10YS3,in,not,not,not,in,not,not,not,not,not
144,R1Z5MFDJGISHRU,not,not,not,not,not,not,not,not,not,not
145,R22FBTW1LVP90S,not,not,in,not,in,not,not,not,not,not
146,R17BI1WY8EQY78,not,not,not,not,not,not,not,not,not,not
147,R2C3R2WPMW8XNE,not,not,not,not,not,not,not,not,not,not
148,R3070M1GUMFCBN,not,not,not,not,not,not,not,not,not,not
149,RSLNVGRUD0SAF,not,not,not,not,not,not,not,not,not,not
150,R2YMXF378Y8F4A,not,not,not,not,not,not,not,not,not,not
151,REU14VXUS7CGL,not,not,not,not,not,not,not,not,not,not
152,RET70WLZ98W1N,not,not,not,not,in,in,not,not,not,in
153,RC7Y30OR77HQK,not,not,not,not,not,not,not,not,not,not
154,R38UTIHXDTJLZC,not,not,not,not,not,not,not,not,not,not
155,RNFBX2GNO7UDW,not,not,not,in,not,not,not,not,not,not
156,R3LPHRFYN1YARG,not,not,not,not,not,not,not,not,not,not
157,R3L9W316F5XNCK,not,not,not,not,in,not,not,not,not,not
158,R2JYDRY6S8XCW9,not,not,not,not,not,not,not,not,not,not
159,R1YZHE6E5J8WBB,in,in,not,not,in,not,not,not,not,not
160,R15VV70DD5Y32T,not,not,not,not,not,not,not,not,not,not
161,R1GUQ9D9ROKIA9,in,not,not,not,not,not,not,not,not,not
162,R3NR7YX26QU15N,not,not,not,not,in,not,not,not,not,not
163,R163LW970AY27D,not,not,not,not,not,not,not,not,not,not
164,R3I90C5MG6JQSH,not,in,not,not,not,not,in,not,not,not
165,R2HYWHBN8MWANW,not,not,not,not,not,not,not,not,not,not
166,R29YECPAW0J2XW,not,not,not,not,not,not,not,not,not,not
167,RC1V9WJOMJ17E,not,not,not,not,not,not,not,not,not,not
168,R1KA167MA5TX0B,not,in,not,not,not,not,not,not,not,not
169,RIH1YQOP3DBXC,not,not,not,not,not,not,not,not,not,not
170,R189SLGHXGGHE0,not,not,in,not,not,not,not,not,not,not
171,R1T6P3VLB0KK58,not,in,not,not,not,not,not,not,not,not
172,RICLDNUBRB4ZZ,not,not,not,not,in,not,not,not,not,not
173,R12TRBRT2TGCTJ,not,not,in,not,in,not,not,not,not,not
174,R2X69W4OFW9TF0,not,not,not,not,not,not,not,not,not,not
175,RWN0SBTAQZ2EI,not,not,not,not,not,not,not,not,not,not
176,RZWZLCI38F3WA,not,not,not,not,not,not,not,not,not,not
177,R18RK4AMZPKAT3,not,not,not,not,not,not,not,not,not,not
178,R1L8UQWDQ97S4Q,not,not,not,not,not,not,not,not,not,not
179,RR94LC4GJ50O1,not,in,not,not,not,not,not,not,not,not
180,R1LZARCZY8L7MS,not,not,not,not,not,not,not,not,not,not
181,R1H2HJ1HNCK65T,not,not,not,not,in,not,not,in,not,not
182,R2XK3M2NFIM2FO,not,not,not,not,not,not,not,not,not,not
183,R2X6QIO45VVIJS,not,not,not,not,in,not,not,not,not,not
184,R1RWUZNR4OCN0L,not,not,not,not,not,not,not,not,not,not
185,R2H26J3O0ED2Y6,not,not,not,not,not,not,not,not,not,not
186,R28SDES59I6W9Z,not,not,not,not,not,not,not,not,not,not
187,RBBLEFG4QUYJM,in,not,not,not,not,not,not,not,not,not
188,RLL0U047K7JS3,not,not,not,not,in,not,not,not,not,not
189,R2T2GA18YO2XDA,not,in,not,not,not,not,not,not,not,not
190,R272H0JXKQ9X3J,in,not,not,not,not,not,not,not,not,not
191,R1TLN21I325FS5,not,not,not,not,not,not,not,not,not,not
192,RPOYPOP5E2VQ6,not,not,in,in,in,not,not,not,not,not
193,R3VHNN6DJZM9XB,not,not,in,not,not,not,not,not,not,not
194,R2ZLYJVWQC7AAO,not,not,not,not,not,not,not,not,not,not
195,R22DA3Q27Z30AI,not,not,not,not,not,not,not,not,not,not
196,R31XQA3VURA579,not,not,not,not,not,not,not,not,not,not
197,R1541OS04QRJ5C,not,not,in,not,not,not,not,not,not,not
198,R3NYX8QMSUHDZP,not,not,not,not,not,not,not,not,not,not
199,R2570ZHCI4D5R9,not,not,not,not,not,not,not,not,not,not
200,R2PATR8EL5FJC7,not,not,in,not,not,not,not,not,not,not
201,R1061QYUBNR3EC,not,not,not,not,not,not,not,not,not,not
202,R2K57TO4G9FC9C,not,not,in,not,in,not,not,not,not,not
203,RY5ROV01NTKD3,not,not,not,not,not,not,not,not,not,not
204,R1R0UN7M77DW5A,not,not,not,not,not,not,not,not,not,not
205,RNUQ2JDMH8QHV,in,not,not,not,not,not,not,not,not,not
206,RK5D50840CCAE,not,not,not,not,not,not,not,not,not,not
207,R23HJ4TLYTCUER,not,in,not,not,not,not,not,not,not,not
208,R122I01R3SG3YQ,not,not,not,not,not,not,not,not,not,not
209,R10J20RIZIRYPC,not,not,not,not,in,not,not,not,not,not
210,R20U165C43HAQA,not,not,not,not,not,not,not,not,not,not
211,R300ZT6T6O9XBW,not,not,not,not,in,not,not,not,not,not
212,R1BC3E2QS68XXX,not,not,not,not,not,not,not,not,not,not
213,R3N3RL34MMGNJG,not,not,not,not,not,not,not,not,not,not
214,R1QJVNDARZR0P3,not,not,not,not,not,not,not,not,not,not
215,R2A0554RLEXC1L,not,not,not,not,not,not,not,not,not,not
216,R3O9NNGYOCY2Z4,not,not,not,not,not,not,not,not,not,not
217,RWPICUU5Y75N8,not,not,not,not,not,not,not,not,not,not
218,R1OBGOWZEHPYK2,not,not,not,not,not,not,not,not,not,not
219,R2ZNL13RMQRWH6,not,not,not,not,not,not,not,not,not,not
220,R3KXSH8GS72ZHR,not,not,not,not,not,not,not,not,not,not
221,R205I5IVIPNKWB,not,not,not,not,in,not,not,not,not,not
222,RJGT5P2IVO09N,in,in,not,not,not,not,not,not,not,not
223,R109GLOGRQ2E5D,not,not,not,not,in,not,not,not,not,not
224,R3O8C1BJYKZ6Z5,not,not,in,not,not,not,not,not,not,not
225,R8B773YIDRE9Z,not,not,not,not,in,not,not,not,not,not
226,R3FKOBEPUG4D57,not,not,not,not,not,not,not,not,not,not
227,RA40MJPJ5L90J,not,not,not,in,not,not,not,not,not,not
228,R16LCB3C22CDEE,not,not,not,not,not,not,not,not,not,not
229,R1D9P6NZGXRTZH,in,not,not,not,in,not,not,not,not,not
230,R29H2P36FDDCQZ,not,not,not,not,not,not,not,not,not,not
231,R6K84574GQB7A,not,not,not,not,not,not,not,not,not,not
232,RNHJCWGCXCYIE,not,not,not,not,not,not,not,not,not,not
233,RCHSF6V062F0K,not,not,not,in,not,not,not,not,not,not
234,R3LLUXQC656K33,not,not,not,not,in,not,not,not,not,not
235,R3UMLQR0WFBJ11,not,not,not,not,not,not,not,not,not,not
236,R2KLJXKH63Q79X,in,not,not,not,in,not,not,not,not,not
237,RA7TKH17IQK12,not,not,not,not,not,not,not,not,not,not
238,R22JV9UGDBU4T4,not,not,not,not,in,not,not,not,not,not
239,RP2MT8N1SZ89T,not,not,not,not,not,not,not,not,not,not
240,RGDMD4BTMC6F0,not,not,not,not,not,not,not,not,not,not
241,R3QIBYTTC1BM0J,not,not,not,not,not,not,not,not,not,not
242,R3KM1U52ML5ABN,not,not,not,not,not,not,not,not,not,not
243,R6ITZ4QZ7PPYN,not,not,in,not,not,not,not,not,not,not
244,R1TZD1QDCSTKZ5,not,not,not,not,not,not,not,not,not,not
245,R53D680LOUMGG,not,not,not,in,in,not,not,not,not,not
246,R2BTTPYBP2WRIN,not,not,not,not,not,not,not,not,not,not
247,R2WGYPT425ZGI9,not,in,not,not,not,not,not,not,not,not
248,R2U5A8P7ZZO75F,not,not,not,not,not,not,not,not,not,not
249,R3PO0FS6U9AYH7,not,not,not,not,not,not,not,not,not,not
250,R2HS70FXJIHJXV,in,not,not,not,not,not,not,not,not,not
251,REKMNME7NFLP7,not,not,not,not,in,not,not,not,not,not
252,R3AYE2KD858HU2,not,not,not,not,not,not,not,not,not,not
253,RK5MFV1Q3CD08,not,not,not,not,not,not,not,not,not,not
254,RYAK6FMQP5OIZ,not,not,not,not,not,not,not,not,not,not
255,R37QDZDVNK1DDR,not,not,in,not,not,not,not,not,not,not
256,R2DOL1YP03DBIP,not,not,not,not,not,not,not,not,not,not
257,R30L5ZFH38L1TP,not,not,in,in,not,not,not,not,not,not
258,RY5ICOYO22ZKI,not,not,not,not,not,not,not,not,not,not
259,RTWQDLKBEHP2G,not,not,not,in,in,not,not,not,not,not
260,R3J1816Y5MLS2I,not,not,not,not,not,not,not,not,not,not
261,R1J29IXQRJ03ZV,not,not,in,in,not,not,not,not,not,not
262,R1BERN7QTAHPSW,not,not,not,not,not,not,not,not,not,not
263,R3PM6B8RRH94P4,not,in,not,not,in,not,not,not,not,not
264,RV4OR1L3WDVZ9,in,not,not,not,not,not,not,not,not,not
265,R2WU5EROQI8HNF,in,not,in,not,not,not,not,not,not,not
266,R24KITNGJ7X38R,not,not,not,not,not,not,not,not,not,not
267,R353RGEUI9DIJ2,not,not,not,not,in,not,not,not,not,not
268,RHXIQ5HR7R8D7,not,in,in,not,in,not,not,not,not,not
269,R3SY8YT8TX0HD4,not,not,not,not,in,not,not,not,not,not
270,R13TGI03PCF3W6,not,not,in,not,not,not,not,not,not,not
271,R22IK2YT8XQ2JK,not,not,not,not,not,not,not,not,not,not
272,R3C8ESDX6W9W3Y,not,not,not,not,not,not,not,not,not,not
273,RV9OLDPTXJN14,in,not,not,not,in,not,not,not,not,not
274,R2L1B4BKDA89EA,not,not,not,not,not,not,not,not,not,not
275,R20BVQVU5U21I8,not,not,not,not,not,not,not,not,not,not
276,R1EZTMPMRTJUO2,not,not,in,not,not,in,not,not,not,not
277,RKIU8M23KE4O3,not,not,not,not,not,not,not,not,not,not
278,R1NRJ47IB2OOB5,not,not,in,not,not,not,not,not,not,not
279,R9BQALBELRTWH,not,not,not,not,not,not,not,not,not,not
280,RXJOERQY6NIH5,not,not,not,not,not,not,not,not,not,not
281,R1ZO5T5N9H5ROB,not,not,not,not,not,not,not,not,not,not
282,R3F8SDZZ42Q34W,not,not,not,not,not,not,not,not,not,not
283,R3UYZQN5HCQV71,not,not,not,not,not,not,not,not,not,not
284,RV0ZPTTHTD0O1,not,in,not,not,not,not,not,not,not,not
285,R21R3WW9OCDVYE,not,in,not,not,in,not,not,not,not,not
286,R226MHGWFL43AZ,not,in,not,not,not,not,not,not,not,not
287,R2V28UNWER4583,not,not,not,not,not,not,not,not,not,not
288,R6FD8HQTSD88O,not,not,not,not,not,not,not,not,not,not
289,R14FW5HILO46S0,not,not,not,not,not,not,not,not,not,not
290,R1RRNK68CSBBOE,not,not,not,not,not,not,not,not,not,not
291,R12T6MQ6SMHAPK,not,not,in,not,not,not,not,not,not,not
292,RZKJ9B5Q749WA,not,not,in,not,not,not,not,not,not,not
293,R3PXXLXNMOEUMF,not,not,not,in,not,not,not,not,not,not
294,R2IY4CE8VLPTJJ,not,not,not,not,in,not,not,not,not,not
295,R30S8EQAXDPE0T,not,not,not,not,not,not,not,not,not,not
296,R2PXZLI7HVC2KJ,not,not,in,not,not,not,not,not,not,not
297,R28A4J68L184B3,not,not,not,not,not,not,not,not,not,not
298,R2OTFWUC33J2RK,not,not,not,not,not,not,not,not,not,not
299,R2LHZYSUVJ0DIY,not,not,in,in,not,not,not,not,not,not
300,R1Q1DMVAKV0PA3,not,not,not,not,not,not,not,not,not,not
301,R3IO29LYC3C64A,in,not,not,not,not,not,not,not,not,not
302,R2IC3QN4JJ67P5,not,not,not,not,not,not,not,not,not,not
303,RERRISE94H2O6,not,not,not,not,not,not,not,not,not,not
304,R3VOJK777371YN,not,in,not,not,not,not,not,not,not,not
305,R1EQR7AC65MJ57,in,not,not,not,not,not,not,not,not,not
306,R15DW8TP6PYKXQ,not,not,not,not,in,not,not,not,not,not
307,R314F1DVRDWTTF,not,not,not,not,not,not,not,not,not,not
308,RL8B72WJEZKUO,in,not,in,not,not,not,not,not,not,not
309,R1DW6NVZ10VBWE,in,not,not,not,not,not,not,not,not,not
310,R24X384TUWR84J,in,not,not,not,not,not,not,not,not,not
311,R18UEDTIGLZFTD,not,not,not,not,not,not,not,not,not,not
312,R2LXISLVU03D1O,not,not,not,not,not,not,not,not,not,not
313,R1DBTNDRNHJEU8,not,not,not,not,not,not,not,not,not,not
314,R28ZKVUHCXI34I,not,not,not,not,in,not,not,not,not,not
315,RBIGJW4HRXE4V,not,not,in,not,in,not,not,not,not,not
316,R24043XL4797KY,not,not,not,not,not,not,not,not,not,not
317,R1I5I2318M3B9R,not,not,not,not,not,not,not,not,not,not
318,R24810Q3ZRRTLZ,not,in,not,not,not,not,not,not,not,not
319,R1M4PNCKMW31FE,not,not,not,not,in,not,not,not,not,not
320,R3F2LCNNLVDE71,not,not,not,not,not,not,not,not,not,not
321,R2OQYLSLE5QE9P,not,in,not,not,in,not,not,not,not,not
322,R30DTC8PFT3O6M,not,not,not,not,not,not,not,not,not,not
323,R2XX5W3PADIA88,not,not,not,not,in,not,not,not,not,not
324,R275TOKV40U353,not,not,not,not,not,not,not,not,not,not
325,R1LAM8T6FGKZF1,not,not,not,not,not,not,not,not,not,not
326,R3KY22KCH3IL7K,not,not,not,not,in,not,not,not,not,not
327,RTN1JHWIWIGYK,not,not,not,not,not,not,not,not,not,not
328,R2GXN7E5UV5Y4F,not,not,not,not,not,not,not,not,not,not
329,RJWLU4GT90TD6,not,not,not,not,not,not,not,not,in,not
330,R2ES60TLKTNJLK,in,not,not,not,not,not,not,not,not,not
331,R2TP91G18Q7WQV,not,in,not,not,not,in,not,not,not,not
332,R3P25JARZNPUV3,not,not,not,not,in,not,not,not,not,not
333,RVDX6AYTINO2K,not,not,in,not,not,not,not,not,not,not
334,R3BAG7DY4PV1OW,in,not,not,not,not,not,not,not,not,not
335,R3O16Q0LZ2T497,not,not,not,not,not,not,not,not,not,not
336,R32RZI4INALUXU,not,not,not,not,not,not,not,not,not,not
337,R7WJTGGIOFYCJ,not,not,not,not,not,not,not,not,not,not
338,R3UOMD87R27SOU,not,not,not,not,not,not,not,not,not,not
339,R1IIRAVJ75JJHT,not,not,not,not,in,not,in,not,not,not
340,R3GBJN6A9T1M1A,not,not,not,not,not,not,not,not,not,not
341,R2HX4VASQC4S8Q,not,not,in,not,not,not,not,not,not,not
342,RYFTIY71ZLBU3,not,not,not,not,not,not,not,not,not,not
343,RAXLUANX890H,not,not,not,not,not,not,not,not,not,not
344,R3US9T9SV5XVJV,not,not,not,not,not,not,not,not,not,not
345,R3NEWCLWGNYI74,not,not,not,not,in,not,not,not,not,not
346,R3A00CVAVX2OOA,not,in,not,not,not,not,not,not,not,not
347,R2SUCD2ILVP5XE,in,not,not,not,not,not,not,not,not,not
348,R36SQGV2X26IVN,not,not,not,not,in,not,not,not,not,not
349,R1Y4EFPGX0HDWH,not,not,not,not,in,not,not,not,not,not
350,R5DUDM9BGDJTZ,in,not,not,in,not,not,not,not,not,not
351,R1F5WMR0SIGLRE,in,not,not,not,not,not,not,not,not,not
352,RSTNC7KGUHSJ,not,not,not,not,not,not,not,not,not,not
353,R2R92PF3UWNWKO,not,not,not,not,not,not,not,not,not,not
354,R3831T9HRDIFE4,in,not,not,not,in,not,not,not,not,not
355,R1LUIK319MP35A,not,not,in,not,not,not,not,not,not,not
356,R33R55NIDLQZMQ,not,not,not,not,not,not,not,not,not,not
357,R4AAJRGYV3OKA,not,not,not,not,not,not,not,not,not,not
358,R17TH7PVR4TM4P,in,not,not,not,not,not,not,not,not,not
359,R1HJP9RNAZ688V,not,not,not,not,not,not,not,not,not,not
360,R2T0XBD4RSMGZT,not,not,in,not,in,not,not,not,not,not
361,R3K5BMVISB99X6,not,not,not,not,not,not,not,not,not,not
362,R4T5EHI54EVPJ,not,in,not,not,not,in,not,not,not,not
363,R18AHFHNVF3BKI,not,not,not,not,not,not,not,not,not,not
364,R10KDGG28D2M5I,not,not,not,not,not,not,not,not,not,not
365,R34O5JIO61UOG5,not,not,in,not,in,not,not,not,in,not
366,R3L148PUUTGR8N,not,not,not,not,not,not,not,not,not,not
367,R14MDQZZSTRM97,not,not,not,not,not,not,not,not,not,not
368,R1TWPAWD4N2I1D,not,not,not,not,not,not,not,not,not,not
369,R1UDVY5L6LM51D,not,not,not,not,not,not,not,not,not,not
370,R1GPOMHSJDCT2G,in,not,in,not,not,not,not,not,not,not
371,R3205ZN0LI4C59,not,not,not,in,not,not,not,not,not,not
372,R15H4EC365J21,in,not,not,not,in,not,not,not,not,not
373,R2LOFMHIL5B0C4,not,not,not,not,not,not,not,not,not,not
374,R20MF1IPAUS10G,not,not,not,not,not,not,not,not,not,not
375,RKSM59RISDFMQ,not,not,not,not,not,not,not,not,not,not
376,R1FGHIJOETM4QM,not,not,not,not,not,not,not,not,not,not
377,RXK69A0SHFYMY,not,not,not,not,not,not,not,not,not,not
378,R4VOAPDEDOYLA,not,not,not,not,in,not,not,not,not,not
379,R3W50NWLVM311T,not,not,not,not,not,not,not,not,not,not
380,R2F8SGDLEZCVNU,not,in,not,not,not,not,not,not,not,not
381,RRN1O6G95PH9J,not,not,not,not,not,not,not,not,not,not
382,R2D8LGAK7LW3Y8,in,in,not,not,not,not,not,not,not,not
383,R1IE03WRE7N20L,in,not,not,not,not,not,not,in,not,not
384,R2KF3RP4ILCMXW,not,not,in,not,not,in,not,not,not,not
385,R2QSK9S8OO2COA,not,not,not,not,not,not,not,not,not,not
386,R3OYCHU8AITB8Q,in,not,not,not,not,not,not,not,not,not
387,RKVTRTJME5GSH,not,not,not,not,not,not,not,not,not,not
388,R1FX9FJTL3SKKU,not,not,not,not,not,not,not,not,not,not
389,RQ4BWGM9C7S4X,not,not,not,not,not,not,not,not,not,not
390,R2CS1DK8SHU7IK,not,in,not,not,in,not,in,not,not,not
391,RUX3YUVHRY7ID,in,in,in,in,not,not,not,not,not,not
392,R2WOAM132QSGAG,not,not,not,not,not,not,not,not,not,not
393,R3SWCZU6HPQ4MA,not,not,not,not,not,not,not,not,not,not
394,R3UMRU0YZF8TNP,in,not,in,not,not,in,not,not,not,not
395,R19KUMCS9B61IS,not,not,not,in,in,not,not,not,not,not
396,RGVWLBLQ9CARR,not,not,not,not,not,in,not,in,not,not
397,R36RH0803WBM0D,not,not,not,not,not,not,not,not,not,not
398,R2JFLO1ADSRKI8,not,in,not,not,in,not,not,not,not,not
399,R2MM2GASVMU6DN,not,not,not,not,not,not,not,not,not,not
400,R2KYRF005TAK5K,not,not,not,not,in,not,not,not,not,not
401,R1DA0X9P660JV0,not,not,not,not,not,not,not,not,not,not
402,R7CSFIE5ME0NX,not,not,in,not,not,not,not,not,not,not
403,RW3IPSERDKH3S,not,not,not,not,not,not,not,not,not,not
404,RMQ7JE4HHFXRP,in,in,not,not,not,not,not,not,not,not
405,R28MUTG29WSVU6,not,not,not,not,in,not,not,not,not,not
406,R1QCGKU2JCNXXH,in,not,not,in,not,not,not,not,not,not
407,R3Q0YJO5WH53HW,not,not,in,in,not,not,not,not,not,not
408,R2TJ8SPN7GVVLI,not,not,not,in,in,not,not,not,not,not
409,RMQ6JLV9TH3LU,not,in,in,not,in,not,not,not,not,not
410,R30KC5ZEJG9TRT,not,not,not,not,not,not,not,not,not,not
411,R3EZENT0N48ROI,not,not,not,not,not,not,not,not,not,not
412,R3V6OMOV1YJYWM,not,not,not,not,not,not,not,not,not,not
413,RODRVH0D5O4Y1,not,not,not,not,not,not,not,not,not,not
414,RW0BV0NWX3BI0,not,not,not,in,in,not,not,not,not,not
415,R24CBO6JXTGW8F,not,not,not,not,not,not,not,not,not,not
416,R6IOL603H6OWL,not,not,not,not,not,not,not,not,not,not
417,RR0FSKCEDU1ZL,not,in,not,not,not,not,not,not,not,not
418,R1X32OW8XWCN3I,in,not,not,in,in,not,not,not,not,not
419,R1CCDUX6ESZE3W,not,not,in,not,not,not,not,not,not,not
420,R1JY0FULUX4717,not,not,not,not,not,not,not,not,not,not
421,RA7XJFBG15XEM,not,not,not,not,not,not,not,not,not,not
422,RLD3MDTUH5POL,not,not,not,not,not,not,not,not,not,not
423,R2Y3RT6FZ372JY,not,not,in,not,not,not,not,not,not,not
424,R3JMFOQAZNAQMK,not,in,not,not,in,not,not,not,not,not
425,RDSIVGBD06FP3,in,not,not,not,not,not,not,not,not,not
426,R20WTWZIDBWTNC,not,not,not,not,not,not,not,not,not,not
427,R2Y9U3WYUSH1FU,in,not,not,not,not,not,not,not,not,not
428,R2VUWXZU6PFI61,in,not,not,not,in,not,not,not,not,not
429,R2EFYS7OEWYMLA,not,not,not,not,not,not,not,not,not,not
430,R3CE7QSSDHWU4F,not,not,not,not,not,in,not,not,not,not
431,R1OPXB0I06ZM2H,not,not,not,in,not,not,not,not,not,not
432,RERJ8U7YRMV38,not,not,not,not,not,not,not,not,not,not
433,R3BGW6DVK6DVJQ,not,not,not,not,not,not,not,not,not,not
434,RU4ILCDH2GN77,not,not,not,not,not,not,not,not,not,not
435,R1HDJDZIOFW0E2,not,not,not,not,not,not,not,not,not,not
436,R2QF8YVM9PILYM,in,not,not,not,not,not,not,not,not,not
437,R37CV45NTNGNPS,not,in,not,not,in,not,not,not,not,not
438,R3HR8C94LXR54U,not,not,not,not,not,not,not,not,not,not
439,R1Q8QHHF6K0MUR,in,not,not,not,in,not,not,not,not,not
440,RQR7VNBB9TCSW,not,not,not,not,not,not,not,not,not,not
441,R17VC20TMVUV1C,not,not,not,not,not,not,not,not,not,not
442,R12XAO2OSWL4T,not,not,not,not,not,not,not,not,not,not
443,R8XORMUCAJA7A,not,not,not,not,not,in,not,not,not,not
444,R1ICCARX4FQ073,not,in,not,not,not,not,not,not,not,not
445,R3LTWVFTLXF642,not,not,in,not,in,not,not,not,not,not
446,R1ZMT1T66CYAJ,not,not,not,not,not,not,not,in,not,not
447,R2G01Q2XFEUQXG,not,not,not,not,not,not,not,not,not,not
448,R34JAM3HNTPDP7,in,not,not,not,not,in,not,not,not,not
449,R1I5NTQEECERUX,in,in,in,in,in,in,not,not,not,not
450,R1C85SVG0UVEZD,not,not,not,not,not,not,not,not,not,not
451,R251LAVFUFQUOL,not,not,not,in,in,not,not,not,not,not
452,R22H2UYZ2P039T,not,not,not,not,not,not,not,not,in,not
453,RI5T2SKQXJZO9,not,not,not,not,not,not,not,in,not,not
454,RXY3GG65JPRVR,not,in,not,not,not,not,not,not,not,not
455,R3AZICL3DCNMDJ,not,not,in,not,not,not,not,not,not,not
456,R3K7SS177DHQ3V,not,not,not,not,not,not,not,not,not,not
457,R1P0RUB8X7EAP9,not,not,not,not,not,not,not,not,not,not
458,R3QEJQD1OLMBIA,not,not,not,not,not,not,not,not,not,not
459,R212TLAXUN30WQ,not,not,not,not,not,not,not,not,not,not
460,R2DTIT2XOPU48M,not,not,not,not,not,not,not,not,not,not
461,RVLICW4HJN2QX,not,not,not,not,not,not,not,not,not,not
462,R2YB7J4QPP4Q3P,not,not,not,not,not,not,not,not,not,not
463,R3J01KRMP5Q95N,not,in,not,not,not,not,not,not,not,not
464,R3U160NGKTVW49,in,not,in,not,in,not,not,not,not,not
465,R1X5MS0IJF1QUJ,not,not,not,not,not,not,not,not,not,not
466,RFVE5U32PUANZ,not,not,not,not,not,not,not,not,not,not
467,R9A89T35VZSVW,in,not,not,not,in,not,not,not,not,not
468,RD7MWCARZKA5Z,not,not,not,not,in,not,not,not,not,not
469,RWEYS327JRKC8,not,not,not,not,not,not,not,not,not,not
470,R3OMSM9XB7X14U,not,not,not,not,in,not,not,not,not,not
471,R8Z5VK8T7746S,not,not,not,not,not,not,not,not,not,not
472,R1T7C1C9QJ1UJK,not,not,in,not,not,not,not,not,not,not
473,R220VI34BLHQZN,not,not,not,not,not,in,not,not,not,not
474,R1C5GDOVP36K2Q,not,not,not,not,not,not,not,not,not,not
475,R3QVPNZ7G9X744,not,not,not,in,not,not,not,not,not,not
476,R176MFKCDBGMV2,not,not,not,not,not,not,not,not,not,not
477,R25NSG24NM4TLD,not,not,not,not,in,not,not,not,not,not
478,RBHH2L95OZW8P,not,not,not,not,not,not,not,not,not,not
479,RIQVMACBRZG8Z,not,not,not,not,not,not,not,not,not,not
480,R3OXRQSF8KA6V2,not,not,not,not,not,not,not,not,not,not
481,ROJDDMYINXIK2,not,not,not,not,not,not,not,not,not,not
482,R36921V3SM3QEV,in,not,not,not,not,in,not,not,not,not
483,R2V1NZ9K72YZTY,not,not,not,not,not,not,not,not,not,not
484,R15DFE5IXAS0A7,not,not,not,not,not,not,not,not,not,not
485,R32Q4TIVG1CAE,not,not,not,not,in,not,not,not,not,not
486,R7T8RO1XTKJMB,not,not,not,not,not,not,not,not,not,not
487,R1Y0PL5JSMUXUW,in,not,not,not,in,not,in,not,not,not
488,R2RGPYLCO7C29,not,not,not,not,not,not,not,not,not,not
489,RZ6K9WIAUBKTM,not,not,not,not,not,not,not,not,not,not
490,R3J420DNBE2OU,not,not,not,in,not,not,not,not,not,not
491,R18JWT6OR8S86M,not,not,not,not,in,not,not,not,not,not
492,R5G7G1CFWENZ8,not,not,not,not,in,not,not,not,not,not
493,R23QPTW19NI4ZL,not,not,not,not,not,not,not,not,not,not
494,R26567ZHWEL86T,in,not,not,in,not,in,not,in,not,not
495,RKAYI062NRTTI,not,in,not,not,not,not,not,not,not,not
496,R1CPFAMGZIXW7Z,not,not,not,not,not,not,not,not,not,not
497,R2CL5BMJ3G940Y,not,not,not,not,not,not,not,not,not,not
498,R1PG1C43UYBR77,not,not,not,not,not,not,not,not,not,not
499,R30K0MQUHTA0VN,not,not,not,not,in,not,not,not,not,not
500,R2BVMM786J3OCI,not,not,not,not,not,not,not,not,not,not
501,R37P5VXL1IEU13,not,not,not,not,not,not,not,not,not,not
502,R3NJ2HXZL08I7F,not,not,not,not,in,not,not,not,not,not
503,RX1ZUVGBH3HKC,in,not,not,not,in,in,not,not,not,not
504,R30HHT87LEQ58T,not,not,in,in,not,not,not,not,not,not
505,R3ROW1FM562STG,in,not,in,not,in,in,not,not,not,not
506,RG0QA5RXVTVO8,not,in,in,not,in,not,not,not,not,not
507,R201TOS3D2FR4,not,not,not,in,in,not,not,not,not,not
508,R3L2W1D54JWICW,not,not,not,in,not,not,not,not,not,not
509,RQH0B0GRUXI9N,not,in,in,not,not,not,not,not,not,not
510,R3NYXFU74T63Y5,not,not,not,not,in,not,not,not,not,not
511,R5YFC5G8V2B3I,not,not,not,in,not,not,not,not,not,not
512,RQBGUU0C58CV2,not,not,not,not,not,not,not,not,not,not
513,R37VH3ZT32NP6S,not,not,not,not,not,not,not,not,not,not
514,RZBF1BFVYHT6L,not,not,not,not,not,not,not,not,not,not
515,R1KO8SKTLRRMJF,not,not,not,not,not,not,not,not,not,not
516,R1EZV3UO6LP33L,in,not,not,not,not,not,not,not,not,not
517,RB49Q8LQ3H1BQ,not,not,not,not,not,not,not,not,not,not
518,R3HIDNGO09OAVC,not,not,in,not,not,not,not,not,not,not
519,RVINJTQFRD1JQ,not,not,not,not,not,not,not,not,not,not
520,RTYMVDZN8JSVL,not,in,not,not,not,not,not,not,not,not
521,RGI0QIDX71RDM,not,in,not,not,not,in,not,not,not,not
522,RKXNZX22HQZEE,in,in,in,not,in,in,not,not,not,not
523,R2B2ASOMKPG2Y1,not,not,not,not,not,not,not,not,not,not
524,RPNCLJWGOLNS2,in,not,not,in,not,in,not,not,not,not
525,R2PYJM9JEO9E8X,not,not,not,not,not,not,not,not,not,not
526,R16TWDB4H6WQZK,not,not,not,not,in,not,not,not,not,not
527,R11ZEQ1YNUORO8,not,not,not,not,not,not,not,not,not,not
528,RNU6IDOP7BV0Y,not,not,not,not,not,not,not,not,not,not
529,R2T6PILHX8VPIR,not,not,not,in,in,not,not,not,not,not
530,R261M5U6WLRFLF,in,not,not,not,not,not,not,not,not,not
531,R1CNON69VWOU0,not,not,not,not,not,not,not,not,not,not
532,R5THFZT2H51RX,not,not,not,not,not,not,not,not,not,not
533,R32PTFHFWY9S1L,not,not,not,not,not,not,not,not,not,not
534,R2A8RKJ6X71CKT,not,not,not,not,in,not,not,not,not,not
535,RTSIB49LN0D2L,not,not,in,not,in,in,not,not,not,not
536,R2PFXY2EIZMD3K,in,not,not,not,not,not,not,not,not,not
537,RCM91KQW0NCCG,not,not,not,not,not,not,not,not,not,not
538,R25XMDAE573J22,not,not,not,not,in,not,not,not,not,not
539,R2K45IY0NO70ZI,not,not,in,in,in,in,not,not,not,not
540,RVRMVCPZKM9PT,not,not,not,not,not,not,not,not,not,not
541,R3UH2U55T1ZSA4,in,not,not,not,not,not,not,not,not,not
542,RK8P69Y6XOLSZ,not,not,not,not,not,not,in,not,not,not
543,RSWCOK46I1UAU,not,in,in,not,not,in,not,not,not,not
544,RIVCWT3LM0G2E,not,not,not,not,not,not,not,not,not,not
545,R3IK8LUYPWCU9H,not,not,not,not,not,not,not,not,not,not
546,R32OZOWQJ0FHI1,not,not,not,not,not,not,not,not,not,not
547,R1YCDNKNNDS7W,not,not,not,not,not,not,not,not,not,not
548,R3REJQGN2U5WOQ,not,not,not,not,not,not,not,not,not,not
549,R37RXWJQ6Q4EAL,not,not,not,not,not,not,not,not,not,not
550,R14DIBP09XNI5U,not,not,not,not,not,not,not,not,not,not
551,R2VLGWA3RDFYJZ,not,not,not,not,not,not,not,not,not,not
552,R320MQHTFW6U61,in,not,not,not,in,not,not,not,not,not
553,R2NOED2XUPTMI7,not,not,not,not,not,not,not,not,not,not
554,R23S0G0SVPC0I8,not,not,not,not,not,not,not,not,not,not
555,R9MZ0TK5X4RG8,in,not,not,not,in,not,not,not,not,not
556,R1V8PH2CAJPJYC,not,not,not,not,not,not,not,not,not,not
557,RC14CXC3Q9WKX,not,not,not,not,not,not,not,not,not,not
558,R22040I6BN2SC,not,not,not,not,not,not,not,not,not,not
559,R2J4VTUI1XQN0U,not,not,not,not,not,not,not,not,not,not
560,R2OLO7UMMUEW0K,not,not,not,not,not,not,not,not,not,not
561,R2QUV0KLG38Y7U,not,not,not,not,in,in,not,not,not,not
562,RJNTR3P11PET9,not,not,not,not,not,not,not,not,not,not
563,RA7T9DL1KN5HL,not,not,in,in,not,not,not,not,not,not
564,R3D38NWGN3FIJ0,not,not,not,not,in,not,not,not,not,not
565,R1AFAY6B0JXKY7,not,not,not,not,not,in,not,not,not,not
566,R1GEZTNGMZPBDV,not,not,not,not,not,not,not,not,not,not
567,R2B8PKDAHON0Z,not,in,not,not,in,not,not,not,not,not
568,R36THGSJQMXR8N,not,not,not,not,not,not,not,not,not,not
569,RPINQU6EY687P,not,not,not,not,not,not,not,not,not,not
570,R36YDBEXGFB8T8,not,in,not,not,in,not,in,not,not,not
571,RJD8L4SVUCRIH,not,not,not,not,in,not,not,not,not,not
572,R30CS2D74HKDNN,not,not,not,not,not,not,not,not,not,not
573,R3STZQPYKZJZX5,not,not,not,not,not,in,not,not,not,not
574,R3502XBDHL0EOI,not,not,not,not,not,not,not,not,not,not
575,R2T9I2WBUVXEPY,not,not,not,not,in,not,not,not,not,not
576,R2A1RHIYH9SQUU,not,not,not,not,not,not,not,not,not,not
577,R3DWYZQFJ8GCID,not,not,not,not,not,not,not,not,not,not
578,RR92UT5QXQR96,not,not,not,not,not,not,not,not,not,not
579,R1RP5STHB2OSLK,not,not,not,not,not,not,not,not,not,not
580,R24IUFY6ZMRKO4,not,not,in,not,not,not,not,not,not,not
581,R1E7LAIG3WUF9U,not,not,not,not,in,not,not,not,not,not
582,R14MS5UL9B09MX,not,not,not,not,not,not,not,not,not,not
583,RSR73GAU4K6VY,not,in,not,not,in,not,not,not,not,not
584,R16ASFCV1UG3HO,not,not,not,not,not,not,not,not,not,not
585,R34PFW1NK782KD,not,not,not,not,not,not,not,not,not,not
586,RPRAMCCSPBW7X,in,not,not,not,not,not,not,not,not,not
587,R2IQMB4IO2ZIL6,not,not,not,not,not,not,not,not,not,not
588,R1ES7WGUKUODS8,in,not,not,not,not,not,not,not,not,not
589,R1IUX33P1ZXF78,not,not,not,not,not,not,not,in,not,not
590,R2RVO54YYW9VOJ,not,not,not,not,not,not,not,not,not,not
591,R1NJ9ZP8WVOQH4,not,not,not,not,in,not,not,not,not,not
592,R2SEYAMD3EGFUL,not,not,in,not,not,not,not,not,not,not
593,R2MRNNN4E3C2P7,not,not,not,not,not,not,not,not,not,not
594,R39NVX27IOXXJT,in,not,not,not,not,in,not,not,not,not
595,RMG9EMNMRHPOR,not,not,not,not,not,not,not,not,not,not
596,R1MRDVL0P65HFI,not,not,not,not,not,not,not,not,not,not
597,R1MWAAB5QG3YRP,not,not,not,not,not,not,not,not,not,not
598,RKG895EF1NXPE,not,not,in,in,in,not,not,not,not,not
599,R2UY73I3Y296QJ,not,in,not,not,not,not,not,not,not,not
600,R35BI4RK0JRYHR,not,not,not,in,in,not,not,not,not,not
601,R31824NSOE06LB,not,not,not,in,in,not,not,not,not,not
602,RTJBKRG86OEOQ,not,not,not,not,not,not,not,not,not,not
603,R26GRUQ3SQJZJI,not,in,not,not,not,not,not,not,not,not
604,R1A7M9YQAGFXC0,not,not,not,not,not,not,not,not,not,not
605,R2715IV60MQSPD,not,not,not,not,not,not,not,not,not,not
606,R2O76VGL26BG8L,not,not,in,not,not,in,not,not,not,not
607,R3RM4W5PQ61FWQ,not,not,not,not,not,not,not,not,not,not
608,RLFHMXRCG4MAL,not,not,not,not,not,not,not,not,not,not
609,R191UTQHZRDB7U,not,not,not,not,not,not,not,not,not,not
610,RVIN3PS40RVAE,not,not,not,not,not,not,not,not,not,not
611,R1JK44UXHWOB3S,not,not,in,not,in,not,not,not,not,not
612,R23YM24GPNN5V3,not,not,not,not,in,not,not,not,not,not
613,R5AX9X99RCCSC,not,not,in,not,not,not,not,not,not,not
614,RZ1H6HCKTGNR,not,not,not,not,in,not,not,not,not,not
615,R3H4LYDEUDKU4J,not,in,not,in,not,not,not,not,not,not
616,R3GRZUH0EEFPNU,not,not,not,not,not,not,not,not,not,not
617,R3W41W58K5BISA,not,not,not,not,in,not,not,not,not,not
618,R1SAT8I3TVVXX6,not,not,not,in,in,not,not,not,not,not
619,R2XOVDFSKFIZYJ,not,not,in,not,not,not,not,not,not,not
620,R7FA2S2WZXHJZ,not,not,not,not,in,not,not,not,not,not
621,R3MS6XCTDQ7TK6,not,not,not,not,not,not,not,not,not,not
622,R25AEIQOP6BB7P,not,not,in,not,not,not,not,not,not,not
623,R2SV80B0KFDOOL,not,not,not,not,not,not,not,not,not,not
624,RNQKFQI93K3T5,not,not,not,not,not,not,not,not,not,not
625,RKFGPOTYPMMAY,in,not,not,not,not,not,not,not,not,not
626,R1KXMZ0AOEDSQ1,not,not,not,not,in,not,not,not,not,not
627,R31UVBFDFJUPVM,not,not,not,not,not,in,not,not,not,not
628,R1HUHZ4LPUFCKB,not,not,in,not,not,not,not,not,not,not
629,R27H2VVVQ05RA3,not,not,not,not,not,not,not,not,not,not
630,R3KWKUM95ZIOCH,not,not,not,not,in,not,not,not,not,not
631,R28JH775JUNIN0,not,not,not,not,not,not,not,not,not,not
632,R1H0L2K5JDURIT,not,not,not,not,not,not,not,not,not,not
633,R17J83RPXLM5QX,not,not,not,not,not,not,not,not,not,not
634,R2GRF9L739XZSA,not,not,not,not,not,not,not,not,not,not
635,R2JZ3WH814K1X1,not,not,in,not,in,not,not,not,not,not
636,R1RE14X0O17W03,not,not,not,not,not,not,not,not,not,not
637,R2EBG8Z8BIG2S8,in,not,not,not,not,not,not,not,not,not
638,R1O9JZT0SCK2RM,not,not,in,not,not,not,not,not,not,not
639,R25TN3V6W276K4,not,not,not,not,not,not,not,not,not,not
640,R112TXSCHBN0UK,not,not,not,not,not,in,not,not,not,not
641,RO50NAC801KAD,not,not,not,not,not,not,not,not,not,not
642,R2BX2P6PYNCOAG,not,not,not,not,not,in,not,not,not,not
643,R25GYNC1L2253K,not,not,not,not,not,not,not,not,not,not
644,R3IG46NK1UEBHP,not,in,not,not,not,not,not,not,not,not
645,R1PTRB1IQMCT5W,not,not,not,not,not,not,not,in,not,not
646,RN98UQYU1W6VG,not,not,not,in,not,not,not,not,not,not
647,R14KFYLTL09W8D,not,not,in,not,in,in,not,not,not,not
648,R1P9J9HYTBXW8H,not,not,not,not,not,not,not,not,not,not
649,R3QHDRF7901LVO,not,not,not,not,in,not,not,not,not,not
650,R15YJ9F8ASYTDQ,not,not,not,not,not,not,not,not,not,not
651,R1L55OY9R091PE,in,not,not,not,not,not,not,not,not,not
652,R1HTYPGHGST6EA,not,in,not,not,not,not,not,not,not,not
653,R1NHNP6F6NPM9A,not,not,not,not,not,not,not,not,not,not
654,R3Q3TZ4X7UY8YV,in,not,not,not,not,not,not,not,not,not
655,RVH3DC3GNUPDU,not,not,in,not,not,not,not,not,not,not
656,R1JAPPW9QOF6QK,not,not,not,in,not,not,not,not,not,not
657,R26PPNZ104482,not,not,not,not,not,not,not,not,not,not
658,R3K22J6XS6HTEM,not,not,not,not,not,not,not,not,not,not
659,R3C3R8VNFE2IO5,in,not,not,not,not,not,not,not,not,not
660,R2OGIZUC2S11JR,in,not,not,not,not,not,not,not,not,not
661,R3HZ7FZEG8CUU6,not,not,not,not,not,not,not,not,not,not
662,REL5O8MTRBJF7,not,not,not,not,not,not,not,not,not,not
663,R3CQ8XG5E0ZGTX,not,not,not,not,not,not,not,not,not,not
664,R2U1JLZVQ9LLV7,not,not,not,not,not,not,not,not,not,not
665,R1QYKMRAETXE1K,not,not,not,not,not,not,not,not,not,not
666,R3V2AG6LMV2T3E,not,not,not,not,not,not,not,not,not,not
667,ROMVEKIPI4VL3,not,not,not,not,not,not,not,not,not,not
668,R2S0VDK666BMFX,not,not,not,not,not,not,not,not,not,not
669,RVUBAGLBR2LE0,not,not,not,not,not,not,not,not,not,not
670,R2VQZMF96BI5KB,not,not,not,in,not,not,not,not,not,not
671,RBJG8F91FZ9CO,not,not,not,not,not,not,not,not,not,not
672,R13UQIRMF4A3HY,not,not,not,not,not,not,not,not,not,not
673,RNU4F673NZGNI,not,in,not,not,not,in,not,not,not,not
674,R32SYN8FBR7AS1,not,not,not,not,not,not,not,not,not,not
675,R3ELIJQNB089K7,not,not,not,not,not,not,not,not,not,not
676,R8PLGHH8KPBS9,not,not,not,in,not,not,not,not,not,not
677,R2I6UFYNI14HCE,not,not,not,not,not,not,not,not,not,not
678,RFQWR7AVWLPXM,not,not,not,not,in,not,not,not,not,not
679,R3I06BAH42IPBJ,not,not,in,not,not,not,not,not,not,not
680,R13CFSYILSJG0N,not,not,not,not,not,not,not,not,not,not
681,R2PY5DX7X2ZCHW,not,in,not,not,not,not,not,not,not,not
682,R2VS5U36BIZB18,not,not,not,not,not,not,not,not,not,not
683,R23036MN9KAAPS,not,not,not,not,in,not,not,not,not,not
684,R2DSVF1S5LKKKI,not,not,not,not,in,not,not,not,not,not
685,R2MPNF13C4S6Q9,not,not,not,not,not,not,not,not,not,not
686,R1338K8UYV8HZ1,not,not,not,not,not,not,not,not,not,not
687,R670U3MGCVROB,not,in,not,not,not,in,not,not,not,not
688,R2HF3YU3JDHWO8,not,not,not,not,not,not,not,not,not,not
689,RRI3SDWMUUX2B,not,not,not,not,not,not,not,not,not,not
690,R1MT9C1H122ANO,not,not,not,not,in,not,not,not,not,not
691,R3DM0ZTAKBIB63,not,not,not,not,not,not,not,not,not,not
692,R3SBO9S7I5CVX2,in,not,not,not,not,not,not,not,not,not
693,R195BT6M1SP8KJ,not,not,not,not,not,not,not,not,not,not
694,RPUGWP0LCC28K,not,not,not,in,not,not,not,not,not,not
695,R2KFL3P1EFTHTJ,not,not,not,not,not,not,not,not,not,not
696,R2D3DACG6K35HD,in,not,not,not,not,not,not,not,not,not
697,R2M244T74CS5RU,in,in,in,not,not,in,not,not,not,not
698,RSCQIQA1FUSCC,not,not,not,not,not,not,not,not,not,not
699,R1JWFHW000EXOJ,not,not,not,not,not,not,not,not,not,not
700,R32U1NQBYQZ25L,not,not,not,not,not,not,not,not,not,not
701,R21ZHN7HZQ4DT0,not,not,not,not,not,not,not,not,not,not
702,R125HPYFQA8JKV,not,not,not,not,not,not,not,not,not,not
703,R29V2MIP5U8S8Z,not,not,not,not,in,not,not,not,not,not
704,R16V54BMMQVX29,not,not,not,in,not,not,not,not,not,not
705,RYDRY2GX0USZV,not,not,not,not,not,not,not,not,not,not
706,R1XAAPLLT9FSEQ,not,not,not,not,not,not,not,not,not,not
707,R1RGAFRSVLSSSX,in,not,not,not,not,not,not,not,not,not
708,R3NFW4UN13B7D8,not,not,not,in,in,not,not,not,not,not
709,R3QZ6PGTONL75S,not,not,not,not,not,not,not,not,not,not
710,R1SW10SZ8UM5MG,in,not,not,not,not,not,not,not,not,not
711,R1YD12YIL2K78U,in,in,not,not,not,not,not,not,not,not
712,R2EAH2FUVZ71JB,not,not,not,not,not,not,not,not,not,not
713,R3DMMPG214UA6P,not,not,not,not,not,not,not,not,not,not
714,RZKM3551JXN69,in,not,not,not,in,not,not,not,not,not
715,R3QAG768FAJG62,not,in,not,not,not,not,not,not,not,not
716,R2R34MPQP9G5MD,in,not,not,not,not,not,not,not,not,not
717,R1WR75PSD62OOR,not,not,not,not,not,not,not,not,not,not
718,R2N85EZCY74DGM,not,in,not,not,not,not,not,not,not,not
719,R1SK73HDWIV2ZJ,not,in,not,not,not,in,not,not,not,not
720,R2UTDN8Q1ABCRJ,not,not,not,not,in,not,not,not,not,not
721,R19CK8VFWCUZG,not,not,not,not,not,in,not,not,not,not
722,RS2FTER0J3IF4,not,in,not,not,not,not,not,not,not,not
723,R1AAPM6CPT575Q,not,not,not,not,in,not,not,not,not,not
724,R1ZW5IK60I5UKH,not,not,not,not,not,not,not,not,not,not
725,R24WXOHCH3DPTT,not,not,not,not,not,not,not,not,not,not
726,R14KLU6IY5CNTL,not,not,not,not,not,not,not,not,in,not
727,R1V2KT1FCF466O,not,not,not,not,not,not,not,not,not,not
728,R10L5LKFPRBOV7,not,not,not,in,not,not,not,not,not,not
729,RVEIBNEAH17P4,not,not,not,not,in,not,not,not,not,not
730,R3NO3289DOBJQJ,not,not,not,not,not,in,not,in,not,not
731,R3CU5RD6Q0ML5T,not,not,in,not,not,not,not,not,not,not
732,R3QCD7ER70ESKO,not,not,not,not,not,not,not,not,not,not
733,R2IXO20AEH99OC,not,not,in,not,not,not,not,not,not,not
734,RBD01D4YPZVWX,not,not,not,in,not,not,in,not,not,not
735,R1SY2M4YIBIK2R,not,not,not,in,not,not,not,not,not,not
736,R30DKM7GZ7L0L5,not,not,not,not,in,not,not,not,not,not
737,RJ9P1K599OVVI,not,not,not,not,not,not,not,not,not,not
738,R2VP9M9V6F1WH2,not,not,not,not,not,not,not,not,not,not
739,RNLNH2HXF98MS,not,in,not,not,not,not,not,not,not,not
740,R1Z9JF4GYQ50MS,not,not,not,not,in,not,not,not,not,not
741,R341NXZYCNZASE,not,not,not,not,not,not,not,not,not,not
742,RUTBADGS029BA,not,not,in,not,not,in,not,in,not,not
743,R1IG56BHB5SCYV,not,not,not,not,not,not,not,not,not,not
744,R2Y6ZSUO4GOE1O,not,not,in,not,not,not,not,not,not,not
745,R10MD4PFSKVX1T,in,not,in,not,not,not,not,not,not,not
746,RB8T19OI7RZK1,not,not,not,not,not,not,not,not,not,not
747,R2R9J1VAZC0DIV,in,not,not,not,not,not,not,not,not,not
748,R1C0VG5UIYP8UX,not,not,not,not,not,not,not,not,not,not
749,R3VIK1V0N1LACW,not,not,not,not,not,not,not,not,not,not
750,RZKGNEMPUEKMJ,not,not,in,in,not,not,not,not,not,not
751,R2X4JV0NEOELJW,not,not,not,not,not,not,not,not,not,not
752,R2AKNCV4GRO3HY,not,not,not,not,in,not,not,not,not,not
753,RLBFS6RM93UUX,not,not,not,not,in,not,not,not,not,not
754,R3OVEUJ55AKNG2,not,not,not,not,in,not,not,not,not,not
755,R1ZRMHQTMEVEY7,not,not,not,not,not,not,not,not,not,not
756,R2YXQUCXH8M3NC,not,not,not,not,in,not,not,not,not,not
757,R1TS0D24NLO0SL,not,not,not,not,not,not,not,not,not,not
758,RPDIG53UR875Y,not,not,not,not,in,not,not,not,not,not
759,REX0XLZC35OKC,not,not,not,not,not,not,in,not,not,not
760,R1M8HRW94JOBB1,not,not,in,in,not,not,not,not,not,not
761,R125EO1WML3JBB,not,not,not,not,not,not,not,not,not,not
762,R2EKW6LGZYRL15,not,in,not,not,not,not,not,not,not,not
763,RXAFCQWGVF27A,not,not,not,not,not,not,not,not,not,not
764,R1C8OJRIQF4KDA,not,not,in,not,not,not,not,not,not,not
765,R2FM5MI8H9AFFL,not,not,not,not,not,not,not,not,not,not
766,R87XGU53ENGPW,not,in,not,not,not,not,not,not,not,not
767,R3GKYXOQ3IS5CY,not,not,not,not,not,not,not,not,not,not
768,R20P9L37S796TG,not,not,in,not,not,not,not,not,not,not
769,R3PFQV0ZVPLIQ7,not,not,not,not,not,not,not,not,not,not
770,R23DGA5HMNMCGQ,in,not,not,not,not,not,not,not,not,not
771,R172GJB6UWYKD1,not,not,not,not,not,not,not,not,not,not
772,RLC4M1VKMJSNB,not,in,not,not,not,not,not,not,not,not
773,R16S8QG8W87YT9,in,not,not,not,not,not,not,not,not,not
774,R3LKXXAXVAHXXZ,not,not,not,not,not,not,not,not,not,not
775,R30Q0MGNLN8GBJ,not,not,not,not,not,not,not,not,not,not
776,R5LPOEAPJSGJ5,not,not,not,not,not,not,not,not,not,not
777,R3J433F01Z7LY1,not,not,not,not,not,not,not,not,not,not
778,R1LDDIRM4VDPYI,in,not,not,not,in,not,not,not,not,not
779,R1BNDVB6UBB8MR,not,not,not,not,not,not,not,not,not,not
780,R2FXF4JSMMEPY8,not,in,in,in,not,in,not,not,not,not
781,R2HOXHYCN5R6F7,not,not,not,not,not,not,not,not,not,not
782,R29JKYSXTH4JNW,in,not,not,not,in,not,not,not,not,not
783,R21EXUDSDGHA7,not,not,not,not,not,not,not,not,not,not
784,R3HSOTM59MM0MW,not,not,not,not,not,not,not,not,not,not
785,R12A4KLY6CDPA7,not,not,not,not,not,not,not,not,not,not
786,R1DCPHU8TZLMJ0,not,not,not,not,not,not,not,not,not,not
787,RGT7RTQ9BY8O4,in,in,not,not,in,not,not,not,not,not
788,R3LFQF7CCRYE81,not,not,not,in,not,not,not,not,not,not
789,R3CK4WCJW9G7NS,not,in,in,in,not,not,not,not,not,not
790,R3LXY0P3K4YSME,not,not,not,not,not,not,not,not,not,not
791,R13A2T7MHMCVBV,not,not,not,not,not,not,not,not,not,not
792,R1CBPEKYJ8YQPP,not,not,not,not,not,not,not,not,not,not
793,R1SUYQBE48R0R1,in,not,not,not,not,not,not,not,not,not
794,R2ZID0KPYT8NHV,not,not,not,in,not,not,not,not,not,not
795,R2J9FNO7ZSV51R,not,not,in,in,not,not,not,not,not,not
796,R39SV83ZZX24XQ,not,not,not,not,not,not,not,not,not,not
797,R1UTWP9PU37A1F,not,not,not,not,not,not,not,not,not,not
798,R2H9R03NH66PWI,not,in,not,not,not,in,not,not,not,not
799,R16NKY9THARB9J,not,in,not,not,not,not,not,not,not,not
800,R15L1BJWZE6NTU,not,in,not,not,not,not,not,not,not,not
801,R22HLWEC0B8MOD,not,not,not,not,not,not,not,not,not,not
802,R216OIG9RINLKW,not,not,not,not,in,not,not,not,not,not
803,RDE458XLZBFN3,not,not,not,not,not,not,not,not,not,not
804,R1LE2V8ZGC3JT7,not,not,not,not,in,not,not,not,not,not
805,RWL0C2S2APZ0N,not,in,not,not,not,not,not,not,not,not
806,R2CCQL8HEC4KGX,in,not,not,not,not,not,not,not,not,not
807,R1Y8UV8AFJLV2S,not,in,not,not,not,not,not,not,not,not
808,R1S7IYPO3CZQDV,in,not,not,not,not,not,not,not,not,not
809,RA0MW5WRB3R2A,in,not,not,not,in,not,not,not,not,not
810,RNVY5R2BNW5O,not,not,not,in,not,not,not,not,not,not
811,R35FNU4OLOJDDC,not,not,in,not,not,not,not,not,not,not
812,R344SJ8QI9XE4K,not,not,in,not,not,not,not,not,not,not
813,R3QDY2Y0WMA80X,not,not,not,not,not,not,not,not,not,not
814,ROKFZ3TGQAGPS,in,not,not,in,not,not,not,not,not,not
815,R2J74BFOF8DPY8,not,not,not,not,not,not,not,not,not,not
816,R3BFAGWWN9HZLQ,not,in,not,in,in,not,not,not,not,not
817,R23P6V7ZCUIM0H,not,in,not,in,not,not,in,not,not,not
818,R1VVUOLZJ2EI5K,not,in,not,not,in,not,not,not,not,not
819,R17V8HQCTYC9EQ,not,not,not,not,not,not,not,not,not,not
820,R2UPYJMAU3WLL,not,in,not,not,not,not,not,in,not,not
821,R1YEHC0T23UYTG,not,not,not,not,in,in,not,not,not,not
822,R2QS9OXNP765ZU,not,not,not,not,in,not,not,not,not,not
823,R1FW5QI364TAEX,not,not,not,not,not,not,not,not,not,not
824,R21OUZ54GVFV8P,in,in,not,not,in,not,not,in,not,not
825,R3QXYWV13X4XNK,not,not,not,not,not,not,not,not,not,not
826,R17AUP7F1PQH3K,not,not,not,not,not,not,not,not,not,not
827,R2R6UIGATHKEK6,not,not,not,not,not,in,not,not,not,not
828,R1JKC7B63KI65G,not,not,not,not,not,not,not,not,not,not
829,R2LQ9AN9SN4Q95,in,not,not,not,not,not,not,not,not,not
830,R1L1PGR5VVGO0M,in,in,not,not,not,not,not,in,not,in
831,R3K7EPUB47OUKX,not,in,not,not,not,not,not,not,not,not
832,R20YYJ1965C44D,not,not,not,not,not,not,not,not,not,not
833,R159CDY3VD5V1U,not,not,not,not,not,not,not,not,not,not
834,RZDX4VRVCUOCK,not,not,not,not,not,not,not,not,in,not
835,R3SVLXRFJREYOB,not,not,not,not,not,not,not,not,not,not
836,R35TMYU4LD2CR9,not,not,in,not,not,not,not,not,not,not
837,R2D2ZXPI7AS6WN,not,not,not,not,not,not,not,not,not,not
838,R181310HTR4STE,not,not,not,not,not,not,not,not,not,not
839,R3N37YBDQH40GD,not,not,in,in,not,not,not,not,not,not
840,R1H89PGKKH9PWQ,not,not,not,not,not,not,not,not,not,not
841,R1BB5LG9D17Z1P,not,not,not,not,not,not,not,not,not,not
842,R1R8ZG90Q2146L,not,not,not,not,not,not,not,not,not,not
843,RQ94BL1Q67FWI,not,not,not,not,not,not,not,not,not,not
844,R1A3SRGF8ZAK4I,not,not,not,not,not,not,not,not,not,not
845,RXG7NJ14D98OL,not,not,in,in,not,not,not,not,not,not
846,R21BN08F2OOJ6O,not,not,not,not,not,not,not,not,not,not
847,R2I71MWYPLHJD3,in,not,not,not,not,not,not,not,not,not
848,R3UX81LSF2GQHL,not,not,not,not,not,not,not,not,not,not
849,RM9NY2AHOG368,not,not,not,not,not,not,not,not,not,not
850,R1P47CKQY2R19Z,not,in,not,not,not,not,not,not,not,not
851,R2PFS5N7UBE31H,not,in,not,not,not,not,not,not,not,not
852,RFNQJ0WVS34VV,not,not,not,not,not,not,not,not,not,not
853,R178NJ9WHK671F,not,not,not,not,in,not,not,not,not,not
854,R2XUOZR17OJ3OU,not,not,in,not,not,not,not,not,not,not
855,R1IZFY5V28N13Z,not,not,not,not,not,not,not,not,in,not
856,R2A44J4L9Y2NQ2,not,not,in,not,not,not,not,not,not,not
857,R3DIZUZ7U7LV4G,not,not,not,not,not,not,not,not,not,not
858,RCKL3MTDQJ3FQ,not,not,not,not,not,not,not,not,not,not
859,R1O7G248093XFY,not,not,in,not,not,not,not,not,not,not
860,R177R75K29EUIY,not,in,not,not,not,not,not,not,not,not
861,RCV3R5409QR24,not,not,not,not,not,not,not,not,not,not
862,R2921ZIPUR73AM,in,not,not,not,not,not,not,not,not,not
863,R19SQ1E4S86LPB,not,not,not,not,in,not,not,not,not,not
864,RRJD0ED79169E,in,in,not,not,in,not,not,not,not,not
865,RJSUPA9MOV06K,not,not,not,not,not,in,not,not,not,not
866,R60LIRFAJTG12,not,not,not,not,not,not,not,not,not,not
867,RIQEJNP5PBFYN,not,not,not,not,not,in,not,not,not,not
868,R1LKB6Y1BNHZZ4,not,not,not,not,not,not,not,not,not,not
869,RDJZSFU49LKTB,not,not,not,not,not,not,not,not,not,not
870,R2FJGSWFLBKLVC,not,not,not,not,not,not,not,not,not,not
871,R16S72WAGG32VQ,not,not,not,not,not,not,not,not,not,not
872,R36AWYQSHE6V64,not,not,not,not,in,not,not,not,not,not
873,R1R7FCC6RUFC6M,not,not,not,in,in,not,not,not,not,not
874,RIG4F50FF9PTM,not,not,in,not,not,not,not,not,not,not
875,R39EMURUYCKD4L,not,not,not,not,not,not,not,not,not,not
876,R3FVHCAHOYFNQL,in,not,in,not,not,not,not,not,not,not
877,R8KIDO4F6QWUE,not,not,not,not,not,not,not,not,not,not
878,R2KWFTBP5XCQVL,not,not,not,not,not,not,not,not,not,not
879,ROFXLE73ZKI90,not,not,not,not,not,not,not,not,not,not
880,RVDJ44B82LWMK,not,not,not,not,not,not,not,not,not,not
881,R3VQRYWO7NXH44,not,not,in,not,not,not,not,not,not,not
882,R8JRYROQQ1Y5H,not,not,not,not,not,not,not,not,not,not
883,R1CYMYCNEL4YO0,in,not,not,not,not,not,not,in,not,not
884,R2CL10HTXDZJNS,not,not,not,not,not,not,not,not,not,not
885,R24H8XBLDMJVRC,in,not,not,not,not,not,not,not,not,not
886,R22R0UEDVGUFO5,not,in,in,not,not,not,not,not,not,not
887,RTLG4YUK983WM,not,not,not,not,not,not,in,not,not,not
888,RJ4RVIO6H4LD7,not,not,not,not,not,not,not,not,not,not
889,R20XPZ0F3PMWFO,not,not,not,in,not,not,not,not,not,not
890,RUNP0W14HBUKB,not,not,not,not,not,not,not,not,not,not
891,R1LYNXQZTZTT4X,not,not,not,not,in,not,not,not,not,not
892,RW0AEPAC3XAM4,not,not,not,not,not,not,not,not,not,not
893,R2EMEKKRRB4Y29,not,not,not,not,not,not,not,not,not,not
894,RDQ2GD32ZJ4TS,not,not,not,not,not,not,not,not,not,not
895,RMBJCZYAKB6E7,not,in,not,in,not,not,not,not,not,not
896,R3SO343054RW5Y,not,in,not,not,not,not,not,not,not,not
897,R1WLIDZGC92S7H,not,in,in,not,not,not,not,not,not,not
898,R2WTZZDXA2D1ZX,not,not,not,not,not,not,not,not,not,not
899,R2UR88BPVO78QI,not,not,not,not,in,not,not,not,not,not
900,R34F2VFYJJ4UMT,not,not,not,not,in,not,not,not,not,not
901,R3O3RVLFV1V618,not,not,not,not,not,not,not,not,not,not
902,RL9TG808Z7ODN,in,not,not,not,not,not,not,not,not,not
903,RVI65OY16DXTS,in,in,in,not,not,not,not,in,not,not
904,R1L0N2TZ286180,not,in,not,not,in,not,not,not,not,not
905,RXNUQB0W9W8QE,not,not,not,not,not,not,not,not,not,not
906,RYF3KI24L1DKG,in,in,not,not,not,not,not,not,not,not
907,RC1Q8FR5H4W6X,not,in,not,not,not,not,not,not,not,not
908,R30WBHAZLRK50N,not,not,in,in,not,not,not,not,not,not
909,R1NG8R3QR942T5,not,not,not,not,not,not,not,not,not,not
910,R1KJNAE664M9QZ,not,not,in,not,not,not,not,not,not,not
911,R2NFVQ5QME7RQT,not,in,not,not,not,not,not,not,not,not
912,R34IS0PHW3CJND,not,not,not,not,not,not,not,not,not,not
913,R3BFX3YLOCU7JK,in,in,not,not,not,not,not,not,not,not
914,RLG9RZ63N1LCP,not,in,not,not,in,not,not,not,not,not
915,R29SFO5NUUNR67,not,not,in,not,not,not,not,not,not,not
916,RFUBYVW0TXD9U,not,not,not,not,not,in,not,not,not,not
917,R3BXLL7EK43Q2L,not,in,not,not,not,not,not,not,not,not
918,RC0EZ7O95UEU6,not,not,not,not,not,not,not,not,not,not
919,R199B273X5YFK4,not,not,not,not,not,in,not,not,not,not
920,R14FIJZSD3YTKU,in,not,not,not,not,not,not,not,not,not
921,R1D0GYZHUFLTUH,not,not,in,in,not,not,not,not,not,not
922,R274XK6OFC42PS,not,not,not,not,not,not,not,not,not,not
923,R3QDJ22DMIFWD0,in,not,not,not,not,not,not,not,not,not
924,R2R0Q1TK8OOKRL,not,not,not,not,not,not,not,not,not,not
925,R35I3RETO99ZYO,not,not,not,not,not,not,not,not,not,not
926,RI0QD919RMYW,not,not,not,in,not,in,in,not,not,not
927,R1E4LIGOERRALZ,not,not,not,not,not,not,not,not,not,not
928,R23NQJCDDXOTOV,not,not,not,not,not,not,not,not,not,not
929,R2GO12JW5HJKO0,in,in,not,not,in,in,not,in,not,not
930,R2FV2IRFS25EOL,not,in,not,not,in,in,not,not,not,not
931,R75L3FELRZF01,not,not,not,not,not,not,not,not,not,not
932,R3J9ERDOHUPOOW,not,not,not,not,not,not,not,not,not,not
933,R3DB1N7TM3YUFD,not,in,not,not,not,not,not,in,not,not
934,R308NHF9TSNCHE,in,not,not,not,not,not,not,not,not,not
935,RA52BNOP5RSGS,not,not,in,not,not,not,not,not,not,not
936,RDMEJ35HNGDW9,not,not,not,not,not,not,not,not,not,not
937,R39C3IJ675ESEF,not,not,in,not,in,not,not,not,not,not
938,R2OK4UWKM5XFCT,not,not,not,not,not,not,not,not,not,not
939,R1E870QQGMHIG0,not,in,not,in,in,not,not,not,not,not
940,R15QDMH9BCIO1A,not,not,not,not,not,not,not,not,not,not
941,R1S1P0HL8FOTK9,not,not,not,in,not,not,not,not,not,not
942,R1SWYOR5NMC2IL,not,not,not,not,not,not,not,not,not,not
943,R1YD2YPDBAX3XH,not,not,not,not,not,not,not,not,not,not
944,R1Q2Q0RUDQ8R4D,in,not,not,not,in,not,not,not,not,not
945,R10UAJIB4R2G0R,not,in,not,not,not,in,not,not,not,not
946,R1U3YT1X6MHFBA,not,not,not,not,not,not,not,not,not,not
947,R2CZGB89UBS5ZQ,in,not,not,not,not,in,in,in,not,not
948,R3QAYNVKOBFL3F,not,not,not,not,not,not,not,not,not,not
949,R1M4XTLS090SFH,not,in,not,in,in,not,not,not,not,not
950,R1W99WVF5JEK9T,not,not,not,not,not,not,not,not,not,not
951,R39RXQLH8PGL35,not,not,not,not,not,not,not,not,not,not
952,R5J87FRLU1U8R,not,not,not,not,not,not,not,not,not,not
953,R604ISO4MZRYH,in,not,not,not,in,not,not,not,not,not
954,RW3LUJP65YQ6L,not,not,not,not,not,not,not,not,not,not
955,R2NIN11WLAEUNE,not,not,not,not,not,not,not,not,not,not
956,R22ZZ4XQICS6IG,not,in,not,not,not,in,not,not,not,not
957,R3P8SJEOI6R6P8,not,in,not,not,in,not,not,not,not,not
958,R245MU1ZCJQ77G,in,not,not,not,not,not,in,in,not,not
959,R24211W83A7KND,not,in,not,not,in,not,not,in,not,not
960,R1P4474IKHU51N,not,not,in,in,not,not,not,not,not,not
961,REJSE007FGB2H,not,not,not,not,not,not,not,not,not,not
962,R2S78J70CDQK3H,not,not,not,in,not,not,not,not,not,not
963,R3EBFTG5TWR8ER,not,in,not,not,not,not,not,not,not,not
964,R2XGJXGAE3SRAY,not,not,not,not,not,not,not,not,not,not
965,R3387Y8CZVXYR4,not,in,not,not,not,not,not,not,not,not
966,R2PMCNSJZEG9X6,not,not,not,not,not,not,not,not,not,not
967,R383AGH8CJZHPI,not,in,not,not,not,not,not,not,not,not
968,R36NXL60OBCP1H,in,not,not,in,not,not,not,not,not,not
969,R3LZ1X8GINCBE6,not,not,not,not,not,not,not,not,not,not
970,R3JM24X0EN9YDC,not,not,in,not,in,not,not,not,not,not
971,R20J6PX3XEUE7Q,not,not,not,not,not,in,not,not,not,not
972,R3DVD9863AY0YN,not,not,not,not,in,not,not,not,not,not
973,R2JEJAMVBRMB16,not,in,in,not,not,not,in,not,not,not
974,R1VNZRE22N2UZW,not,not,not,not,not,not,not,not,not,in
975,R1BWH3ZFGPJWTB,not,not,not,not,in,not,not,not,not,not
976,R23IVVJUMW92QN,not,not,not,not,not,not,not,not,not,not
977,RQMJZE05H42DY,not,not,not,not,not,not,not,not,not,not
978,R3MQFYBU220JU8,not,not,not,not,not,not,not,not,in,not
979,R2EZWEW7PXCVTU,not,not,not,not,in,not,not,not,not,not
980,R7JYVC5V7H01R,not,not,in,not,not,not,not,not,in,not
981,R12BW3IESY27E0,not,not,not,not,not,not,not,not,not,not
982,R2DUKAK9VR1KHF,in,not,in,not,not,not,not,not,not,not
983,R3OW21UERO3YBZ,not,not,in,not,not,not,not,in,not,not
984,RZ9MBA5BZUHVY,not,in,in,not,not,not,not,not,not,not
985,R2GG7YYQBEXHZG,in,not,not,not,not,not,in,not,not,not
986,R2XFK5PNK6M6SS,not,in,not,not,not,not,not,not,not,not
987,RW04SRDCYLZWP,in,not,not,in,in,not,not,not,not,not
988,RPJI2KKQEPLV2,in,not,not,not,not,in,not,not,not,not
989,R4HWP8PKM1MN4,not,in,not,not,in,not,not,not,not,not
990,R353IUZDJCLC7A,not,not,not,not,not,not,not,not,not,not
991,R17NTD4IO6F622,not,not,not,not,in,not,not,not,not,not
992,R2LJRIVX8BEZ95,not,not,not,in,not,not,not,not,not,not
993,R3CM5ODB9W18L7,not,not,not,not,not,not,not,not,not,not
994,R1D00ZLZNTFKZO,not,not,not,not,in,not,not,not,not,not
995,RUBOK7O88DIKI,not,not,in,in,not,not,not,not,not,not
996,R2U62Q6MUMF9LA,not,not,not,not,not,not,not,not,not,not
997,RPLQHZIQ2L9XY,not,not,not,not,not,not,not,not,not,not
998,R2EMLEIZCHRFFG,not,not,in,not,in,not,not,not,not,not
999,R3GVR7JL38HGCD,in,not,not,not,not,not,not,not,not,not
1000,R3ALI4LCVYF0P1,not,not,in,not,not,not,not,not,not,not
1001,R3VJN75VZKZ598,not,not,not,not,not,not,not,in,in,not
1002,R227NI3KQIOQEK,not,not,not,not,not,not,not,not,not,not
1003,R1Y4S6T63WNKNI,not,not,in,not,in,not,not,not,not,not
1004,R37HLE4A8ILK0C,in,not,not,not,not,not,not,not,not,not
1005,R2BDGE7CPY0IBD,not,not,not,not,not,not,not,not,not,not
1006,R1Z3MSC8KV6GK2,not,not,not,not,not,not,not,not,not,not
1007,R9SQ2EU5HI8PD,not,not,not,not,not,not,not,not,not,not
1008,R17H2H5K17JF45,in,not,not,not,not,not,not,not,not,not
1009,R29ISUBYCJS9CZ,not,not,not,not,not,not,not,not,not,not
1010,R2RSM3EBCFF2F4,not,not,not,not,not,not,not,not,not,not
1011,R3F50TVGCAJDH3,not,not,not,not,not,not,not,not,not,not
1012,R11LSQHP3G1XGT,not,not,not,in,not,not,not,not,not,not
1013,R2LWCPUCEB82HP,not,in,not,not,not,not,not,not,not,not
1014,R1T5C3IEMUIP4Q,in,not,not,not,not,not,not,not,not,not
1015,R2SJ3QQ4EUXER0,not,not,not,not,in,not,not,not,not,not
1016,R3BHJIM18LRQ28,not,in,not,not,not,not,not,not,not,not
1017,R3SD1YJSB1ZME0,not,not,not,not,not,not,not,not,not,not
1018,R1HWLALX1RAPXX,not,not,in,not,not,not,not,not,not,not
1019,R2TNOFR798YBO6,not,not,not,not,not,not,not,not,not,not
1020,R344YZEO4DYWBD,not,not,not,not,in,not,not,not,not,not
1021,R1468UMXSVLK1U,in,not,not,not,not,not,not,not,not,not
1022,R2CSPP5VTVMCCL,in,not,not,not,not,not,not,not,not,not
1023,R2CPAW0AF1ZYX7,in,in,not,not,not,not,not,in,not,not
1024,R7Z00AG9LGKYQ,not,not,not,not,not,not,not,not,not,not
1025,R1KSXYHP695BW8,not,not,not,not,in,not,not,not,not,not
1026,R2I4OWK8Z0V3HM,not,not,not,not,not,not,not,not,not,not
1027,R363HPUGTG8OEH,not,not,not,not,not,not,not,not,not,not
1028,R1ZFQULWJM466U,not,not,in,not,not,not,not,not,not,not
1029,R31G5UBSO1210X,not,not,not,not,in,not,not,not,not,not
1030,R1JHGV3K9OJZBJ,not,not,not,not,not,not,not,not,not,not
1031,R3D3W2L06AAT10,not,not,not,not,not,not,not,not,not,not
1032,R2XH5X115FOGN9,not,not,not,not,not,not,not,not,not,not
1033,R3NT4N14Y8SBOV,not,not,not,not,not,not,not,not,not,not
1034,R10Q45CN132QXD,not,not,not,not,not,not,not,in,in,not
1035,R3CRLSYDVY3QGF,not,not,not,not,not,not,not,not,not,not
1036,R1WE2KIVVJGUA1,not,in,not,not,not,not,not,not,not,not
1037,R2ZJTZMMWXXBBL,in,not,not,not,not,not,not,not,not,not
1038,R2IGQUCTM9Z0W9,not,in,not,not,not,in,not,not,not,not
1039,RUZ6RA77QFFFJ,not,in,not,not,not,not,not,not,not,not
1040,R1OPVHTOGUMD2D,in,not,not,not,not,not,not,not,not,not
1041,R2L4V666PPHHYW,not,not,not,not,not,not,not,not,not,not
1042,R2XW44NFWK28VD,not,not,not,not,not,not,not,not,not,not
1043,R1Y12GBXTIGN02,not,not,not,not,not,not,not,not,not,not
1044,R1CNG0X7T32D46,not,not,not,not,not,not,not,not,not,not
1045,R9LMGPYGVQNVO,not,not,not,in,in,not,not,not,not,not
1046,R21IU7DDEUK88V,not,in,not,not,in,not,not,not,not,not
1047,R2TUDWI3U57KLN,not,in,not,not,not,not,not,not,not,not
1048,R30KUFKP69IP4S,not,not,not,not,in,in,not,not,not,not
1049,RTB4XKNR64IPN,not,in,not,not,not,not,not,not,not,not
1050,R3GS3W6EZFWPHG,not,not,not,not,not,not,not,not,not,not
1051,R17LBHG5TQINZ4,in,in,not,not,in,not,not,not,not,not
1052,R2KJBNI5ET8EOH,in,not,in,not,not,not,not,not,not,not
1053,R15R315C1588SW,not,in,not,in,not,not,not,not,not,not
1054,ROLVZXYJYIXQ9,not,not,not,not,not,not,not,not,not,not
1055,R27IKKC0SWNSGB,not,not,not,not,not,not,not,in,not,not
1056,R25WK77SUW9DHD,not,not,in,not,not,not,not,not,not,not
1057,R15PL9LBJJZHL9,not,not,not,not,in,not,not,not,not,not
1058,R1MQZFT428M8KW,not,not,not,in,in,not,not,not,not,not
1059,R90RFAEBC09GX,not,in,not,not,not,not,not,not,not,not
1060,R1FEVPTESSYGBZ,not,in,not,not,in,not,not,not,not,not
1061,R2XJPOXVOF69RD,not,in,not,not,not,not,not,not,not,not
1062,R1HSV04H7WO867,not,not,not,not,not,not,not,not,not,not
1063,R978S59HD2KRT,in,in,not,not,not,not,not,not,not,not
1064,R2986E1EQNJIVU,not,not,in,not,in,in,not,not,not,not
1065,RCMU7UJFZ43TG,not,not,not,not,not,not,not,not,not,not
1066,R1UPRJLG0V1Z65,not,not,not,in,in,not,not,not,not,not
1067,RVGUAJR979MKT,not,in,not,not,not,not,not,not,not,not
1068,R3U37SQ3U1QGOI,not,not,not,not,not,not,not,not,not,not
1069,R3OVOV4V8UFGHL,in,not,not,not,not,not,not,not,not,not
1070,RL07KT2QC78ZM,not,in,not,not,not,not,not,not,not,not
1071,R35W5MUP6UWRZG,not,not,not,not,not,not,not,not,not,not
1072,R1W59KH3NB8J8V,not,not,not,not,in,not,not,in,not,not
1073,R1TZA72JG6MLCP,not,not,not,not,not,not,not,not,not,not
1074,R3MOBHZOOMQN82,not,not,not,not,not,not,not,not,not,not
1075,R3N3YGIR923G30,not,not,not,not,not,not,not,not,not,not
1076,R1YOG8NFZE14H1,not,not,not,not,not,not,not,not,not,not
1077,R22LTMS91M7NHB,not,not,not,not,not,not,not,not,not,not
1078,R9TCMHB1Y9ZMF,not,not,not,not,not,not,not,not,not,not
1079,R33L37MSD1EFZ8,not,not,not,in,in,not,not,not,not,not
1080,R3BHSP5EBOV2X3,in,not,not,in,in,not,in,in,not,not
1081,R1WVDDAMSF2LUC,not,in,not,not,not,not,not,not,not,not
1082,RTN2201XBWOAK,in,not,not,not,not,in,not,not,not,not
1083,R3C7R0875NDEM3,not,not,not,not,not,not,not,not,not,not
1084,R2O40D2F3YVB0O,in,not,not,not,not,in,not,not,not,not
1085,R3V4SA2PXHKHYT,not,in,not,in,not,not,not,not,not,not
1086,R3MGOQ5R5FG4OD,not,not,not,not,not,not,not,not,not,not
1087,R1YRQHIPKBO6EJ,not,not,not,not,not,not,not,not,not,not
1088,R3O0TO2IPIW1C9,not,not,not,not,in,not,not,not,not,not
1089,R1JC5ODZ0ASZMS,not,not,in,not,not,not,not,in,not,not
1090,R1JONB3N6LXBKA,not,not,not,not,not,not,not,not,not,not
1091,R39WI60TLVVCSQ,not,not,not,not,not,not,not,not,not,not
1092,R31GX18UO2A06T,not,not,not,not,not,not,not,not,not,not
1093,R262NC3T5H7IRE,not,not,not,not,not,in,not,not,not,not
1094,R1OYY7TN6NG3SO,not,not,not,not,not,not,not,not,not,not
1095,R2AG6HYJ75CYTZ,not,not,in,not,not,not,not,not,not,not
1096,R2360DSEVKA7JL,not,not,not,not,not,not,not,not,not,not
1097,RA61WPIMLW9HV,not,not,not,not,not,not,not,not,not,not
1098,RDVZ2HQ380E4T,not,not,in,not,not,not,not,not,not,not
1099,R4ALA1SDRUYG8,not,in,not,in,not,not,not,in,not,not
1100,ROFEHPUQRIJ0Y,not,not,not,not,not,not,not,not,not,not
1101,R3GNAUFJH68Y5T,not,not,not,not,not,not,not,not,not,not
1102,R1KKQYEEBY156R,not,not,in,not,in,not,not,not,not,not
1103,R39182U0UURYM7,not,not,not,not,not,not,not,not,not,not
1104,RQR6D3MALB08Z,not,not,not,in,in,not,not,not,not,not
1105,R36DIS3H3E05OJ,not,not,not,not,in,not,not,not,not,not
1106,RBQCZU8MIMIG,not,not,not,not,not,not,not,not,not,not
1107,R1Z2I4R7DVA86P,not,not,not,not,not,not,not,not,not,not
1108,R3P62TXYHF41WU,not,not,not,not,not,not,not,not,not,not
1109,R40TBM6L82HQM,in,not,not,not,not,not,not,not,not,not
1110,R1FQ4YLU0T98BG,not,not,not,not,not,not,not,not,not,not
1111,R2ROMQCFGUSNUT,not,not,not,not,not,in,not,not,not,not
1112,R33DZAUACRDBS7,in,not,not,not,not,not,not,not,not,not
1113,R327DRKA5F5EQ8,not,not,not,not,not,not,not,not,not,not
1114,R19MND8QI69IMC,not,not,not,not,not,not,not,not,not,not
1115,RWK0OZLJU1VPK,not,not,in,not,in,not,not,not,not,not
1116,R3UGFOG1HPZVJP,in,not,not,in,not,not,not,not,not,not
1117,R2AWDW6E2DCRWH,not,not,not,not,in,not,not,not,not,not
1118,R3SJIKVIV9MKRK,not,not,not,not,in,not,not,not,not,not
1119,R2WKT5MJIEQIFW,not,not,not,not,not,not,not,not,not,not
1120,R1DLT716Z85RXQ,not,not,not,not,not,not,not,not,not,not
1121,R30M79WWKJ9NZR,not,not,not,not,not,not,not,not,not,not
1122,R1WYT8CPIY8G7P,not,not,not,not,not,not,not,not,not,in
1123,R1Q82GLEWWHIJZ,not,in,not,not,not,in,not,not,not,not
1124,R3OAJDED2KQYH5,not,not,not,not,not,not,not,not,not,not
1125,R22285CUV38S5U,not,not,in,not,not,not,not,not,not,not
1126,R2B7R2RXRHBEPI,not,not,not,not,not,not,not,not,not,not
1127,R2HPFQEMDGWP4T,not,not,not,not,not,not,not,not,not,not
1128,R2DD7C7G4AX8N6,not,not,not,not,not,not,not,not,not,not
1129,R13TF1GT9WJIC2,not,not,not,not,not,not,not,not,in,not
1130,R284KCRVBWCU44,not,in,not,not,in,not,not,not,not,not
1131,R3DW24PEDLMRGW,not,not,not,in,not,not,not,not,not,in
1132,RW59K45TQ2JJC,not,not,not,not,in,not,not,not,not,not
1133,R1DAE12V2E1OO7,not,in,not,not,not,not,not,not,not,not
1134,R3GVPDQXZCOC6G,not,not,not,not,not,not,not,not,not,not
1135,R1VCVDEB0V77H2,not,not,not,not,not,not,not,not,not,not
1136,R1JFZP960ZVDL7,not,in,not,not,not,not,not,not,not,not
1137,RVPCCJW6JSDKO,in,not,not,not,in,in,not,not,not,not
1138,RFXQD5FSRA8N2,not,not,not,not,not,not,not,not,not,not
1139,R2YPN1N0QDMSGD,not,in,not,not,not,not,not,not,in,not
1140,R2OA7H2S27EES7,in,in,not,not,in,in,in,not,not,not
1141,R72ZW0Z5PGE7F,in,not,not,not,not,not,not,not,not,not
1142,RPTDO0F8CXF0Z,in,not,not,not,not,not,not,not,not,not
1143,R3NZIVRM2AOGZG,not,in,not,not,not,not,not,not,not,not
1144,R21UB81I3CFK78,not,not,in,not,in,not,not,not,not,not
1145,RMKGG2RD7B56L,not,not,not,not,not,not,not,not,not,not
1146,R2WC2ZXFVX0K1L,not,not,not,not,not,not,not,not,not,not
1147,R2GRQOYN3H7B0N,not,in,not,not,not,in,not,not,not,not
1148,R26OQU6TOR04WZ,in,in,not,not,not,in,not,not,not,not
1149,R3F9Z5G6WQM5MW,not,not,not,not,in,not,not,not,not,not
1150,R2WSHVOZZJW9N1,not,not,not,not,not,not,not,not,not,not
1151,ROSW24ABOII1J,not,not,not,not,not,not,in,not,not,not
1152,R3K5216XH8Z9MD,not,not,not,not,not,not,not,not,not,not
1153,R2A2OG1HSA5H7B,not,not,not,not,not,not,not,not,not,not
1154,R26F2MZEGLGZ9B,not,not,not,not,not,in,not,not,not,not
1155,RWBSSWRZI2XS9,not,not,not,not,not,in,not,not,not,not
1156,R2FT6EV16DHZHY,not,not,not,not,not,not,not,not,not,not
1157,RM2XB0N2FFLZ,not,in,not,not,not,not,not,not,not,not
1158,RCSMFVK2G2Q6D,not,not,not,not,not,not,not,not,not,not
1159,R3S4HTKOYP45FX,not,not,in,not,not,not,not,not,not,not
1160,R2T3LD6J8GJ5UG,in,not,not,in,in,not,not,not,not,not
1161,R32ZEE4P94OBFO,not,not,not,in,in,not,not,not,not,not
1162,R2WMKW6SM2XL81,not,in,not,not,not,not,not,not,not,not
1163,R1QLGV9K99571E,not,not,not,not,not,not,not,not,not,not
1164,R33202RA30C03Y,not,not,not,in,not,not,not,not,not,not
1165,R1NZWT7QI4WFH1,in,not,not,in,not,in,in,not,not,not
1166,R37ZTWMW2DFB6H,not,in,not,not,not,in,not,in,not,not
1167,R179KKSGU4XNV6,not,in,not,not,not,not,not,not,not,not
1168,R1EGJ6HTR9CPCI,not,not,not,not,not,not,not,not,not,not
1169,R1K3UN9JIQ0PPS,not,in,not,not,not,not,not,not,not,not
1170,RUWM9V6OFBXHN,not,not,not,not,in,not,not,not,not,not
1171,R2A7SAHUN8GM9S,not,not,not,not,not,not,not,not,not,not
1172,R3BWE5N135P48,not,not,in,not,in,not,not,not,not,not
1173,R3VGAWX291HIJO,not,not,in,not,not,not,not,not,not,not
1174,R24CQ832WK2GF0,in,not,in,not,not,not,not,not,not,not
1175,RSBMZIIFI0ZXA,not,in,in,not,not,not,not,not,not,not
1176,R2TLD2K8FW73YZ,in,in,not,not,not,not,not,not,not,not
1177,R2LICHXRAO7O41,not,not,not,not,not,not,not,not,not,not
1178,R3TLT4TETUGFOC,not,in,not,not,not,not,not,not,not,not
1179,R37BWUFFI1MHKU,not,not,not,not,in,not,not,not,not,not
1180,RDO858466SV83,not,not,not,not,not,not,not,not,not,not
1181,R11TAJZQFBSQQE,not,not,not,not,not,not,not,not,not,not
1182,R1TWLCQSI2KT9X,not,not,in,not,not,not,not,not,not,not
1183,R1B2D6V1CK5CK1,not,not,not,not,in,not,not,not,not,not
1184,RX2C8GV8PQDAQ,not,in,not,not,not,not,not,not,not,not
1185,R3DKT78AELIKFS,not,not,in,in,not,not,not,not,not,not
1186,RAT80BXFH79U9,not,not,not,not,in,not,not,not,not,not
1187,R14ND2AEZNF02M,not,not,not,not,in,not,not,not,not,not
1188,R2FMTM9I4UU4OS,not,not,not,not,not,not,not,not,not,not
1189,R15W2RQKSYZG0Q,not,in,not,not,not,not,not,not,not,not
1190,RCJC9XHW9A6TG,in,not,not,not,not,not,not,not,not,not
1191,R1P533K0BHNL2A,not,not,not,not,not,not,not,not,not,not
1192,RBA920XPLL95R,not,not,not,not,in,not,not,not,not,not
1193,R28IK8FMRFI06M,not,not,in,not,in,not,not,not,not,not
1194,R3IHOUHN0XQQYK,not,not,in,not,not,in,not,not,not,not
1195,R3AZNMFSZ6IC7N,in,not,not,in,in,not,not,in,not,not
1196,RVFRMNN0EDRMN,not,not,not,not,not,not,not,not,not,not
1197,RA7XKFQRPN13R,in,not,not,not,in,not,not,in,not,not
1198,R1TQUKEMMCII23,not,in,not,not,not,not,in,not,not,not
1199,R271ANGBHHEBVW,not,not,not,not,not,not,not,not,not,not
1200,R2GIM1ZIOXCTFA,not,not,not,not,not,not,not,not,not,not
1201,R3FYF3LK73414F,not,not,not,not,not,not,not,not,not,not
1202,R1SY7MOAMI8L7M,not,not,in,not,not,not,not,not,in,not
1203,R2F1LYDHONWUZF,not,not,not,not,not,not,not,not,not,not
1204,ROFN2O4JXZNJ1,not,not,in,not,not,not,not,not,not,not
1205,R1F6GIY8TY8NKY,not,not,not,not,not,not,not,not,not,not
1206,R21DTW0OLOUKBV,not,not,not,not,not,not,not,not,not,not
1207,R34DATUDQS89F0,not,not,not,not,not,not,not,not,not,not
1208,R17S69KWQIU0LU,not,not,not,not,not,not,not,not,not,not
1209,R1QC59ZIODDVKT,not,not,not,not,not,not,not,not,not,not
1210,R3F5HV0O5VW4T5,in,not,not,not,not,not,not,not,not,not
1211,R2V0LJP444IDKV,not,not,not,not,not,not,not,not,not,not
1212,R32U91EJEO052Q,not,not,not,not,not,in,not,not,not,not
1213,R1YH3TSRTTJRE1,not,not,not,not,not,not,not,not,not,not
1214,R144OWZGOF24GD,in,not,not,in,in,not,not,not,not,not
1215,R1AVCWG0R65CS3,not,not,not,not,not,not,not,not,not,in
1216,R35KYEAK52C86D,not,in,not,not,not,not,not,not,not,not
1217,RXYYKMNCLN3KC,not,not,not,not,in,not,not,not,not,not
1218,RG92PDW17TT5K,not,not,not,not,not,not,not,not,not,not
1219,R1ST18ZX87TCS4,not,not,not,not,in,not,not,not,not,not
1220,R3MHYSFIDE9OBA,in,not,not,in,in,not,not,not,not,not
1221,R1V5CSPGKNAHW4,in,not,not,not,not,not,not,not,not,not
1222,R23WCVAV7EM3FD,not,in,in,not,in,not,not,not,not,not
1223,R5I5M2YR4HMBQ,not,not,not,not,in,not,not,not,not,not
1224,RT0X30TTOWOKR,not,not,in,not,not,not,not,not,not,not
1225,R2KK7SHPB884VA,not,not,not,not,not,not,not,not,not,not
1226,R3P3ZBEWATNQCI,not,in,not,not,not,not,not,not,not,not
1227,R9L2L50HQOYX,not,not,not,not,in,not,not,not,not,not
1228,R2V5KBS7C4QI2Z,in,not,not,not,not,not,not,not,not,not
1229,RS7XXF9HJL3LE,in,in,in,not,not,not,not,not,not,not
1230,R3VAUXX7QJXIYQ,not,not,not,not,not,not,not,not,not,not
1231,R2H9QO531PGK4E,not,not,not,not,not,not,not,not,not,not
1232,R2MM0SFZ3M8HL6,not,not,not,not,not,not,not,not,not,not
1233,R1VG9FEKW0Z4TO,not,not,not,not,not,not,not,not,not,not
1234,R130F6ZWZIWVN2,in,not,not,in,not,not,not,not,not,not
1235,R3CCM892QC5JCA,in,not,not,not,in,not,not,not,not,not
1236,R19O01AHUOPP5H,in,in,not,not,not,not,not,not,not,not
1237,RZV2OHYHB78PT,not,in,in,not,in,not,not,not,not,not
1238,R2S1OAPMCZBGLV,not,not,not,not,not,not,not,not,not,not
1239,R3LQ7JPKBZ9X7O,not,in,not,not,not,not,not,not,not,not
1240,R31DOL0E9JQQOZ,not,not,in,not,not,not,not,not,not,not
1241,R2NJX8IB06HT8S,not,not,in,not,not,not,not,not,not,not
1242,R2AR00AJ7USE0B,not,not,not,not,not,not,not,not,not,not
1243,R33CN1MMFTSEEQ,not,not,in,not,not,not,not,not,not,not
1244,R387A2ZM3GISL0,not,not,not,not,not,in,not,not,not,not
1245,R2WJX6QPZ6FK6W,not,not,not,not,not,not,not,not,not,not
1246,R3H9D2B13FTSAV,not,not,not,not,not,not,not,not,not,not
1247,RDCZ8GWXSGK9S,in,not,not,not,not,not,not,not,not,not
1248,R2ZWA83HPTGNP0,not,not,not,not,not,not,not,not,not,not
1249,R1HHQGRVD30L7C,not,not,not,not,in,not,not,not,not,not
1250,R1642FH7DWV3GR,not,not,not,not,not,not,not,not,not,not
1251,RDL6U62MJU873,not,in,not,not,not,not,not,not,not,not
1252,R2RPZ97QTD2P5Q,not,not,not,not,in,not,not,not,not,not
1253,R2ZLCPS8IOBUPP,in,not,not,not,not,not,not,not,not,not
1254,R3P8PBWAZYC3OE,not,not,not,not,not,not,not,not,not,not
1255,R1IL3610LIPDOF,not,not,not,not,not,not,not,not,not,not
1256,R3IDDNQ4K9D2C6,not,not,not,not,not,not,not,not,not,not
1257,R3C2TYCHFD7HZM,not,in,not,not,in,in,not,not,not,not
1258,R18WF5TNVQ2B1D,in,in,not,in,not,in,not,not,not,not
1259,RJ7OIUICUZBSO,not,in,not,in,not,not,not,not,not,not
1260,RNXM3T0RRX6C8,in,in,not,not,not,not,not,not,not,not
1261,R1B2PL2TTUVSP,in,not,in,not,not,not,not,not,not,not
1262,R3SLHIN4AAJQN2,not,not,not,not,in,not,not,not,not,not
1263,R34WDZC6E3J74T,not,not,not,not,not,not,not,not,not,not
1264,RKNPXA0RWXMNN,not,in,not,not,not,not,not,not,not,not
1265,R35EGJHT2U3US1,not,in,not,not,in,not,not,not,not,not
1266,R11S2CWZC3YA1C,not,not,not,not,not,not,not,not,not,not
1267,RPVDK2KFZW6J8,not,not,not,not,not,not,not,not,not,not
1268,R3MIOPG9F4SJTZ,not,in,not,not,in,not,not,not,not,not
1269,R3RRIIKPJ38WF4,not,in,in,not,in,not,not,not,not,not
1270,R1VC6RBEQY5MTE,not,in,in,not,not,not,not,not,not,not
1271,R1E49ZQCO10AV4,not,not,not,not,not,not,not,not,not,not
1272,R5JXAJDVTP6T5,not,in,not,in,not,not,not,not,not,not
1273,R25WP0MC9XAGL4,not,not,not,not,not,not,not,not,not,not
1274,R13H3VK4P61J3F,not,not,not,not,not,not,not,not,not,not
1275,RDJ4INZUT08EH,not,not,not,not,not,not,not,not,not,not
1276,RA9X2WNLFN7HB,not,not,in,in,not,not,not,not,not,not
1277,RVP3G9XXKOE0U,not,in,not,not,not,not,not,not,in,not
1278,R3B796T7QR95MG,not,not,not,not,not,not,not,not,not,not
1279,R1RY36ZKI7MNE5,not,in,not,not,not,not,not,not,not,not
1280,RKBT6Z513YZ1P,not,in,not,not,not,not,not,not,not,not
1281,RJ9J1SSBL4TX,not,not,not,not,not,not,not,not,not,not
1282,R235JS7JVCGRYJ,in,not,in,not,not,not,not,in,not,not
1283,RF64XU0Q9SSI7,not,not,in,not,not,not,not,not,not,not
1284,RBUHOIPGCIIUV,not,not,not,not,in,not,not,in,not,not
1285,R2Q3MG9GMDSSPD,not,not,not,not,not,not,not,not,not,not
1286,R1BCIXJI33ZW0D,not,not,in,not,not,not,not,not,not,not
1287,RK4304EVK0OHA,in,in,not,not,not,not,not,not,not,not
1288,R3LARHXW38MIJN,not,not,not,not,not,not,not,not,not,not
1289,R9PKHPUR6D6QJ,not,not,not,not,in,not,not,not,not,not
1290,R2DI0SNJ4HR5IQ,not,not,not,not,not,not,not,not,not,not
1291,R1BAMRB7EEGCM6,not,not,not,not,not,not,not,not,not,not
1292,RTJBMSXQRTB2P,not,not,not,not,not,not,not,not,not,not
1293,R35CPZSQEQ1QJW,in,not,not,in,in,not,not,not,not,not
1294,RUXOSU76EWIC1,not,not,not,not,not,not,not,not,not,not
1295,R1ZX2C6HDN8UL7,not,in,in,not,in,not,not,not,not,not
1296,R3LOP36H9WFPJO,not,not,not,not,not,not,not,not,not,not
1297,R11ERE4IAD6JZD,not,in,not,not,not,not,not,not,not,not
1298,R3OIGVEO49MK81,in,in,not,not,not,not,not,not,not,not
1299,R1LH8X2I1A9VHX,not,not,not,not,not,not,not,not,not,not
1300,R28FDEGAUJI8P9,not,in,in,not,not,not,not,not,not,not
1301,R2Z27LHSVH6USK,not,not,not,not,not,not,not,not,not,not
1302,R3LQMIISQUAJ68,not,not,in,in,not,not,not,not,not,not
1303,R3P2HZTGHR0RAO,not,not,not,not,not,not,in,not,not,not
1304,R22H1MQZ3YQPR1,not,not,not,not,not,not,not,not,not,not
1305,R700KF525RJF6,not,in,not,not,not,not,not,not,not,not
1306,R2A8J0U92HX2QH,not,not,not,not,in,not,not,not,not,not
1307,RDFEL2E2ULFCQ,in,not,not,not,not,not,not,not,not,not
1308,R1BVH9DPTM166R,not,not,not,in,not,not,not,not,not,not
1309,R1M5NC4XORAEMS,in,not,not,not,not,not,not,not,not,not
1310,R3BHX8W8UL1U6I,not,not,not,not,not,not,not,not,not,not
1311,R3VSQLV3OCMIL9,in,in,not,not,in,not,not,not,not,not
1312,R2FENI4Z4G2941,in,not,not,not,not,not,not,not,not,not
1313,R2V7C3ABUZO3PV,not,not,not,not,not,not,not,not,not,not
1314,R3KI5UUNQPN8KT,not,not,not,not,not,not,not,not,not,not
1315,R3C1NHTNVGTACH,in,not,not,not,not,not,not,not,not,not
1316,R2KQAPISRV984G,not,not,not,not,not,in,not,not,not,not
1317,R1DMA5S5JULBVD,not,in,not,not,not,not,not,in,in,not
1318,R11GVNJD2MS4FF,not,not,not,not,not,not,not,not,not,not
1319,R2RCH8XDFOH0VN,not,not,not,not,not,not,not,not,not,not
1320,REKJYIXNFCUML,not,in,not,not,not,not,not,not,not,not
1321,R2GMLIROXE3WZU,not,not,not,not,not,in,not,not,not,not
1322,R12VHG0778DMSO,not,not,not,not,not,not,not,not,not,not
1323,RGJX3P014D186,not,not,in,not,not,not,not,not,not,not
1324,R2CBWI7SLDHOO6,not,not,not,not,not,not,not,in,not,not
1325,R27AQQ8O2JCTBB,not,not,not,not,not,not,not,not,not,not
1326,R1KAMZT6RMV4CY,not,not,not,not,not,not,not,not,not,not
1327,R1X02ST4COC86D,not,in,not,not,not,not,not,in,in,not
1328,RUFCTBKSIA9YD,not,not,not,in,not,not,not,not,not,not
1329,R20RQ36UI9SOR9,not,not,not,not,not,not,not,not,not,not
1330,RPNVFBHCOTMDZ,not,in,not,not,not,not,not,not,not,not
1331,R8BCLWHC4IZ0E,not,in,not,not,not,not,not,not,not,not
1332,R8ZI7DSDATI00,not,not,not,in,not,not,not,not,not,not
1333,R68EZDL5YE4WU,not,in,not,in,not,not,in,in,not,not
1334,R15JI1MSZ3YJ3U,not,not,not,not,not,not,not,not,not,not
1335,RXB09OW6ZUMHL,not,not,not,not,not,not,not,not,not,not
1336,RBYJW1UTX38K6,in,in,not,not,not,in,not,not,not,not
1337,RL51NMYVV5X2D,not,not,not,not,not,not,not,not,not,not
1338,RJIWMS41AMX58,not,not,not,not,not,not,not,not,not,not
1339,R2AMIRBZTQE2SC,not,not,not,not,not,not,not,not,not,not
1340,R1G9AQRSLDNOOP,in,in,not,not,not,not,not,not,not,not
1341,R9QF077E38CKD,not,not,in,not,not,not,not,not,not,not
1342,R2U8N81M80OPIB,in,not,in,not,not,in,not,not,not,not
1343,R283HO77DKT9F1,not,not,not,not,not,not,not,not,not,not
1344,R34AXPEDF7UR6P,in,in,not,not,in,not,not,not,not,not
1345,R3U4M2Y7XCN888,not,not,not,not,not,not,not,not,not,not
1346,R32CHJUYLUZZKV,not,not,not,not,not,not,not,not,not,not
1347,R2YWU47I6SMF15,in,in,not,not,not,not,not,not,not,not
1348,RSLACSS98V7UK,not,not,not,not,not,not,not,not,not,not
1349,R325UFS9X6TMGC,not,not,not,not,not,not,not,not,not,not
1350,R1CEPCU6RUY59T,not,not,in,not,in,not,not,not,not,not
1351,R21MU2OQEORI07,in,in,not,not,not,not,not,not,not,not
1352,R113EINO6TIQ3,not,not,not,not,not,not,not,not,not,not
1353,RIL62U94Q2PZ0,not,in,not,not,not,not,not,not,not,not
1354,R2HDF0S73BNQF4,not,not,not,not,not,not,not,not,not,not
1355,R1SQE7FSD1CENT,not,not,not,not,not,in,not,not,not,not
1356,R2HX9DCCUWUM1C,not,not,not,not,in,not,not,not,not,not
1357,R3H72XMEJW59P8,not,not,not,not,in,not,not,not,not,not
1358,R2HIFM8W0IPSZ,not,not,not,not,not,not,not,not,not,not
1359,R3TZ3J1Z3SR6FC,in,not,not,not,not,not,not,not,not,not
1360,R3ALZ0B0M9AOK5,not,not,in,not,in,not,not,not,not,not
1361,R16B9696VPW8FU,not,not,in,not,in,not,not,not,not,not
1362,R36E1CQN5LKPP3,not,not,not,not,not,not,not,not,not,not
1363,R24MYKY0TSYHR9,not,in,not,not,not,not,not,not,not,not
1364,RXYC0IR1CCUV6,not,not,not,not,not,in,not,not,not,not
1365,R2IEPLL5EWYTUE,not,not,not,in,not,not,not,not,not,not
1366,R23BXXZ8AUWJFZ,not,not,in,not,not,not,not,not,not,not
1367,R3NC0MI55ILDUG,not,in,not,not,not,in,not,not,not,not
1368,R5XALZITEJ93Q,not,in,not,not,not,not,not,not,not,not
1369,R3P9F9Y1TYHBX2,in,not,not,in,not,not,not,not,not,not
1370,R3GZNUI4TG3JA6,not,not,not,not,not,not,not,not,not,not
1371,R1UVK1R7SOTDOL,not,not,not,not,not,not,not,not,not,not
1372,R1K7Z7LUEYYUR0,not,not,not,not,not,not,not,not,not,not
1373,RAVP18KG2JCL8,not,not,not,not,not,not,not,not,not,not
1374,R2GQ6O8D8LNRYT,not,not,not,in,not,in,not,not,not,not
1375,RBX4XMBSY964S,not,in,in,not,not,not,not,not,not,not
1376,R2RDYQE26D7F0I,not,in,not,not,not,not,not,in,not,not
1377,RW8G3PXZVE63J,not,not,not,not,not,not,not,not,not,not
1378,R22UOR74LPMBY,not,not,not,not,not,not,not,not,not,not
1379,R19NVDYA4RJTR5,not,not,not,not,in,not,not,not,not,not
1380,R2JIKN2Q84OGFG,not,not,not,not,not,in,not,not,not,not
1381,R1W5JYMZ6TIIJM,not,not,not,not,not,not,not,not,not,not
1382,R76STN0LUDKMH,not,in,not,not,in,not,not,not,not,not
1383,RSU114FJCMLYT,not,not,not,not,not,not,not,not,not,not
1384,R3RRRSYRHZXPRY,not,not,not,not,in,not,not,not,not,not
1385,R1IXI53QMLLDTN,not,in,not,not,not,not,not,not,not,not
1386,RDJRY4TTASP4M,not,not,not,not,not,in,not,not,not,not
1387,R726QI0KT1Z43,not,not,not,not,not,in,not,not,not,not
1388,RVMBNTPQKWE9K,not,not,not,not,not,in,not,not,not,not
1389,R2GMK5M08AIKJQ,not,not,not,not,not,in,not,not,not,not
1390,R1LLSY2ZA88II6,not,in,in,in,not,not,not,not,not,not
1391,R2A6O9GO0YYIKM,not,not,not,not,not,not,not,not,not,not
1392,R2NPORX6YHZFT7,not,not,in,not,not,not,not,not,not,not
1393,R14BYS1NUFRGLR,not,not,not,not,not,in,not,not,not,not
1394,R1B8IQ3L0OTYC3,not,in,not,not,not,not,not,not,not,not
1395,R2PHE7AQT59CMO,not,not,not,in,not,not,not,not,not,not
1396,R3ON4VTUNLWGMH,in,not,not,in,in,not,not,not,not,not
1397,RUYH7XJCMLJ0W,not,not,not,not,in,not,not,not,not,not
1398,RIPOD1BBKOD2V,not,not,not,in,not,not,not,not,not,not
1399,R3SNQEQE5UA5SH,not,not,not,not,not,not,not,not,not,not
1400,R2VIW68E4UY1P4,not,not,not,not,in,not,not,not,not,not
1401,R2HKXN33E8UNK6,not,in,not,not,not,in,not,not,not,not
1402,R3IPAG8OSIXV3G,not,in,not,not,not,not,in,in,not,not
1403,R353KZC7PX7IAO,not,not,in,not,not,not,not,not,not,not
1404,R2ZUTLNNXFQ8C,not,not,not,not,in,not,not,not,not,not
1405,R396U9YEA9H6JR,in,not,not,in,not,not,not,not,not,not
1406,RVF6011P8F0S5,in,not,not,not,not,not,not,not,not,not
1407,R2JT2S08RLJYJT,not,not,not,not,not,not,not,not,not,not
1408,R1LW6KD94VAY5Q,not,not,not,not,not,not,not,not,not,not
1409,R3LZOVXFNRZQOE,not,not,not,not,not,not,not,not,not,not
1410,R25WD5Q1Z0R5DD,not,not,not,not,in,not,not,not,not,not
1411,R33CS9Z0N76OB8,not,not,not,not,not,not,not,not,not,not
1412,R35VP4IV5DBPXN,not,in,not,not,not,not,not,not,not,not
1413,R2LM8M6TMQAHDK,not,not,not,not,not,not,not,not,not,not
1414,R26UQK5NZ7QJA9,in,not,not,in,not,not,not,not,not,not
1415,R3OTSS1QZ9J5FE,in,not,not,not,not,not,not,in,not,not
1416,R3E4PBDQSB0PT,in,in,not,not,not,not,not,not,not,not
1417,R35P21ZFQGHKUK,not,not,not,not,not,not,not,not,not,not
1418,RO922L76C2T5O,not,not,not,not,not,not,not,not,not,not
1419,R1G2MVCWGM2F8W,in,not,not,not,not,in,not,not,not,not
1420,R2KLFHCY7DEHB,not,not,not,not,not,in,not,not,not,not
1421,R3EGCQFK8ZMSVN,not,not,not,not,not,not,not,not,not,not
1422,R37XL57URTMPRR,not,not,not,not,not,not,not,not,not,not
1423,R3NM5YLRYM5AWY,not,not,not,in,not,not,not,not,not,not
1424,R3DTAGSZ8HL6XM,in,in,not,not,not,not,not,not,not,not
1425,R2UVLME8DQETYL,not,not,not,not,in,not,not,not,not,not
1426,RLDIAJ1VL92QH,not,not,not,not,not,not,not,not,not,not
1427,R1X8T78FKU091T,not,in,in,not,in,not,not,not,not,not
1428,R2OSDOMCSBWED5,not,in,not,not,not,not,not,not,not,not
1429,RKJSVE44CFEKW,in,not,not,not,not,not,not,not,not,not
1430,RSAKEBDJ2ZGCY,not,in,not,not,not,not,not,not,not,not
1431,RQQGPJS9TAZSY,not,in,not,not,not,not,not,not,not,not
1432,R1JAWIUKRXTCPD,not,not,not,not,not,not,not,not,not,not
1433,R3KI2OOWI12U3U,not,not,not,not,not,not,not,not,not,not
1434,R2RA7I4SWGEZL4,not,not,not,in,in,not,not,not,not,not
1435,RPU3C1ZQ5D8LF,not,not,not,not,in,not,not,not,not,not
1436,R2R629Q70Q6ARN,not,in,not,not,not,not,not,not,not,not
1437,R2285O38DIUTR9,not,not,not,in,in,not,not,not,not,not
1438,R28EE1FY9H5VEG,not,not,not,not,not,not,not,not,not,not
1439,R2RQBI0P8JM9UP,not,not,not,not,not,in,not,not,not,not
1440,R2EA64YUQFUC5H,not,not,not,not,not,not,not,in,not,not
1441,R3IQIT4OFB3CDS,not,in,not,not,not,not,not,in,not,not
1442,RXP3WWR0484EU,not,not,not,not,not,not,not,not,not,not
1443,R3DNW0HZBD6E2X,not,not,not,not,not,not,not,not,not,not
1444,R1AZ84P7R146LZ,not,not,not,not,not,not,not,not,not,not
1445,R9FHPJ11Q7A5,not,not,not,in,in,not,not,not,not,not
1446,R1FC7G92X5YT1H,in,not,not,not,not,in,not,not,not,not
1447,R2YNIJ3YRVHJ8N,not,in,in,not,not,not,not,not,not,not
1448,R3GPPNWEMQTJ4J,not,not,not,in,not,not,not,not,not,not
1449,R1SY8TEYLGYE64,in,not,not,not,not,not,not,not,not,not
1450,R2M1PH2TV3VFL5,not,in,not,not,not,in,not,not,not,not
1451,R19SEO470PK7MH,not,not,not,in,not,not,not,not,not,not
1452,RLBJA32PHKDVL,not,not,not,not,not,not,not,not,not,not
1453,R3FW8MFCX0XXTP,not,not,not,not,not,not,not,not,not,not
1454,R3EZAYO1346CK5,not,not,not,not,not,not,not,not,not,not
1455,R1QEJEZL48X2BH,not,not,not,not,not,not,not,not,not,not
1456,R1U4UEV73CGXII,not,not,not,not,in,not,not,not,not,not
1457,R4G1YB37B5M72,not,not,not,not,not,not,not,not,not,not
1458,R33FPFG5UCIT2S,not,not,not,not,not,not,not,not,not,not
1459,R1YFKON3QU98V2,not,not,not,in,in,not,not,not,not,not
1460,RJMI2WTM9VAK1,not,not,not,not,not,in,not,not,not,not
1461,R1V36F3Z4VLXMC,not,not,not,not,not,not,not,not,not,not
1462,R3PKECQZN7ZVUH,not,not,not,not,not,not,not,not,not,not
1463,R3OQWJN4KBBSK2,not,not,not,not,not,not,not,not,not,not
1464,R2O5E0PX802ZPI,not,not,not,not,not,in,not,in,not,not
1465,R2J1VC9LSS73U,not,not,not,not,not,not,not,not,not,not
1466,R1O9WK54KBAWEM,not,in,not,not,not,not,not,not,not,not
1467,R3JZE9CG32BIMC,in,not,not,in,not,not,not,not,not,not
1468,R16BWKZ270DEA6,not,not,not,in,not,not,not,not,not,not
1469,RSOWYDZ4AXDHX,not,in,not,not,not,not,not,not,not,not
1470,RVZJ8UQV6KZEZ,in,in,not,not,not,not,not,not,not,not
1471,R8LXYBDI2IM2S,not,in,not,in,in,not,not,not,not,not
1472,R2DB7ZMTQNX1F9,not,in,not,not,not,not,not,not,not,not
1473,R2K6BLHZFCD2U8,not,in,not,not,not,not,not,not,not,not
1474,RDV1CS5QSMZGY,not,in,not,not,not,not,not,not,not,not
1475,R3JT1Q06HSNG6O,in,in,not,in,in,not,not,not,not,not
1476,R2NFYOLO6IDY4H,not,not,not,not,not,not,not,not,not,not
1477,R37RMUXZRALWPX,in,in,in,not,in,not,not,in,not,not
1478,R1TCIRB69JDSSB,in,not,not,not,not,not,not,not,not,not
1479,R2CIH9SWU903L9,not,not,not,not,not,not,not,not,not,not
1480,RW6KWOQG3UODI,not,not,not,not,not,not,not,not,not,not
1481,R1Y9OXA2S9XMF0,not,not,not,in,not,not,not,not,not,not
1482,R1SM4CAB2LLXGF,not,not,in,not,not,not,not,not,not,not
1483,RK7AD3TY2U6CO,in,not,not,not,not,not,not,not,not,not
1484,RFMHOXF78KEBN,not,not,not,in,in,not,not,not,not,not
1485,RAK1CJC39CZP7,in,not,not,in,not,not,not,not,not,not
1486,R192SRIUNNV8UF,not,not,in,in,not,not,not,not,not,not
1487,RDC0R6VUGN6X3,not,in,not,not,not,not,not,not,not,not
1488,RDAU808VOPYNG,not,not,not,not,not,not,not,not,not,not
1489,R1OYE6P73MSWC4,not,not,not,not,not,in,not,in,not,not
1490,R3BOJIAC838HPU,not,not,not,in,not,not,not,not,not,not
1491,R1LN54OY5DXOUF,not,not,not,not,not,not,not,in,not,not
1492,RBRQSRDAU9FB0,in,not,not,not,not,not,not,not,not,not
1493,R20EH1OW11MTS7,not,not,not,not,not,not,in,not,not,not
1494,RKFZ7XR5SBVN2,not,not,not,not,not,in,not,in,not,not
1495,R1VYQHPI4EGEL,in,in,not,not,not,not,not,in,not,not
1496,R9S6HGRRCO1QK,not,in,not,not,not,in,not,not,not,not
1497,R19FVA0ES439CA,not,not,not,not,not,not,not,not,not,not
1498,R19HDFJK4MACV5,not,not,not,not,in,not,not,not,not,not
1499,R2RLW4VXXYQAMQ,not,in,not,not,not,not,not,not,not,not
1500,R2NRI88ZCWEPY7,not,not,not,not,not,not,not,not,not,in
1501,RVU9F2FUECJUX,not,not,not,not,not,not,not,not,not,not
1502,R1HFOUSMG6HYC5,not,not,not,not,not,not,not,not,not,not
1503,R19BTPP6X8JKEZ,not,in,in,not,not,not,not,not,not,not
1504,R10OTDHDIOE3EY,not,not,not,not,in,not,not,not,not,in
1505,R35RHWZRMTJF0S,not,not,not,not,in,not,not,not,not,not
1506,RS6KTP8VEPDY8,in,not,not,not,in,not,not,not,not,not
1507,RTLTBVA0PXIVH,not,not,not,not,not,not,not,not,not,not
1508,R1XZV2KY3RJDT4,not,not,not,not,not,not,not,not,not,not
1509,R1JXI2M0IJER4D,not,not,not,not,not,not,not,in,not,not
1510,R1UST0H9LWH9HJ,not,not,not,not,in,in,not,not,not,not
1511,R1WU5HNB2V5APZ,not,not,not,not,not,not,not,not,not,not
1512,RKFLH7IEMM6XA,not,not,not,not,not,not,not,in,in,not
1513,R1W8QP53FXH3PP,in,not,not,in,not,not,not,not,not,not
1514,R2UDAJRAPOD4F0,not,in,not,not,not,in,not,not,not,not
1515,R2P1ZW5FNLW7VA,not,not,not,not,not,not,not,not,not,not
1516,R1VF8GNGJWYO4P,not,not,not,not,not,not,not,not,not,not
1517,RWQ45I8N7CFTX,in,in,not,in,not,not,not,not,not,not
1518,R3CXVR9DUBRVVT,not,not,not,not,not,not,not,not,not,not
1519,R3SJB3YH4OKDNR,not,not,not,not,not,not,not,not,not,not
1520,R1TJS3S4PNHTQ2,not,not,not,not,not,not,not,not,not,not
1521,R3DKKKQBK23J5S,not,not,not,not,not,not,not,not,not,not
1522,R2TBVT37RO3NTE,in,not,not,in,not,not,not,not,not,not
1523,R2VXOQOAHZUJTW,not,not,not,not,not,not,not,not,not,not
1524,R19R3YDTIPG02C,not,not,not,not,not,not,not,not,not,not
1525,R24R0FWN1A87UI,in,not,not,not,not,not,in,not,not,not
1526,R12ELOSEBLNEXI,in,not,not,not,in,not,not,not,not,not
1527,RZTRUNZCK3H5J,in,not,not,not,not,not,not,not,not,not
1528,R3AZTVPFSG14YO,not,not,not,not,not,not,not,not,not,not
1529,R13PJOBGR8VBNK,not,not,not,in,not,not,not,not,not,not
1530,R2JORQ97Z1ZHVE,in,in,not,not,not,not,not,in,not,not
1531,R2HWGET42R8CIR,not,not,not,not,not,not,not,not,not,not
1532,R1058IT10ZEUI7,not,in,not,not,not,not,not,not,not,not
1533,RP7Q37N2HNLLS,in,not,in,not,not,not,not,not,not,not
1534,R3F1RGKOV9GYKU,not,not,not,not,not,not,not,not,not,not
1535,R1R5ENPPPA2LY6,in,in,not,not,in,not,not,not,not,not
1536,R13B85G4EK2M2R,not,in,not,not,not,not,not,not,not,not
1537,R3AHNWQ13QFY05,not,not,not,not,not,not,not,not,not,not
1538,R3TYV6AEFUR1K4,not,not,not,not,not,not,not,not,not,not
1539,R1N5VGKWUUE8EV,not,not,not,not,not,not,not,not,not,not
1540,R2E8QHDJMO7M4D,not,in,in,not,not,not,not,not,not,not
1541,R36UR1NAXJSH75,not,not,not,in,not,not,not,not,not,not
1542,R12NHUWZCDVFOA,not,not,not,in,not,not,not,not,not,not
1543,R3RLRTHQ72A5MF,not,in,not,not,not,not,not,not,not,not
1544,R2ATUY5ENGIJ7T,not,not,not,not,not,not,not,not,not,not
1545,R27QGA4N5NAET4,not,not,not,not,not,not,not,not,not,not
1546,R13HBNT19E7PMK,not,not,not,not,in,not,not,not,not,not
1547,R140KMBL05ZLA,in,not,not,not,not,not,not,not,not,not
1548,R1REOU1IZ0G4E4,in,not,in,not,not,not,not,not,not,not
1549,R1TWC6NTCMMMQZ,in,not,not,in,in,not,not,not,not,not
1550,R1UI619E0LS274,not,not,not,in,in,not,not,not,not,not
1551,R2WXEFZ3C0R8WA,not,not,not,not,not,not,not,not,not,in
1552,R308SA6LV3ETLH,not,not,not,not,not,not,not,not,not,not
1553,R8YS6R7WNEVUL,not,not,not,in,in,not,not,not,not,not
1554,R2FO7S7G64O8MV,not,not,not,not,not,not,not,not,not,not
1555,R3PTRZEX6GESP5,not,not,not,not,not,not,not,not,not,not
1556,RAL4CUMJZ6ZFE,not,not,not,not,not,not,not,not,not,not
1557,R2LROI2RPCXU4D,in,in,not,not,not,not,not,not,not,not
1558,R10R74VVFR2Z4U,not,in,not,not,not,not,not,not,not,not
1559,R1ITSL5MMYXCMC,not,not,not,in,not,in,not,not,not,not
1560,R1UPYF2WD97SNT,not,not,not,not,not,not,not,not,not,not
1561,R1ISQFXX70Y0OH,in,not,not,not,not,not,not,not,not,not
1562,RDZCZ2A55NN9X,in,not,not,in,not,in,not,not,not,not
1563,RD0LGZRQIRP0D,not,not,not,not,not,not,not,in,not,not
1564,R2V5OQY4NUMHCV,in,not,in,in,in,in,not,not,not,not
1565,R1WGDOYU8BDGBO,in,in,not,not,in,not,not,not,not,not
1566,R1CUMATEO693VR,not,not,not,not,not,not,not,not,not,not
1567,R2J0WQKJF4L5OG,not,not,not,not,not,in,not,not,not,not
1568,R24CRKA4F2HHPN,in,not,not,not,not,not,not,not,not,not
1569,R3TSAPM4UO3XJC,not,not,not,in,not,not,not,not,not,not
1570,RTRK6B993JSW2,not,not,not,not,not,in,not,not,not,not
1571,R2LC3SD0GB69EE,not,not,not,not,not,not,not,not,not,not
1572,R3MNGIUJOB6V8G,in,in,not,in,in,not,not,not,not,not
1573,R11A33DO5BF1EZ,not,not,not,not,not,not,not,not,not,not
1574,R1ZLJQPY302M8V,in,in,not,not,not,not,not,not,not,not
1575,R1BWH4QC48OY6T,not,not,not,not,in,not,not,not,not,not
1576,R32375P4DJ9UH1,not,not,not,not,not,not,not,not,not,not
1577,R2JINGZ0AIW1YB,not,not,not,not,not,in,not,not,not,not
1578,R2WIEATIDIXM84,not,in,not,not,in,not,not,not,not,not
1579,R1I7HO0TQIH3PY,not,not,not,not,not,not,not,not,not,not
1580,R1S47OHL97962Q,not,not,not,not,not,not,not,not,not,not
1581,R3G4I6XOKJIVD1,not,not,not,not,not,not,not,not,not,not
1582,R2S6AJFF8SQX1Q,not,in,in,not,in,not,not,not,not,not
1583,RXDAJSUPK7N1C,in,not,in,not,not,not,not,in,not,not
1584,RBRPCT3DBB2QP,in,not,not,in,not,not,not,not,not,not
1585,R1J41VDEXPL2AE,not,not,not,not,not,not,not,not,not,not
1586,R2H858WR4FEOST,not,in,not,not,not,not,not,not,not,not
1587,R1VPM7LJTAM6C7,not,not,not,not,in,in,not,in,not,not
1588,R1F700D23CBTCT,not,in,not,in,not,not,not,not,not,not
1589,R1X53E4WYB0D8O,not,not,not,not,in,not,not,not,not,not
1590,R2K0Q1TFM0H2AP,not,not,not,not,not,not,not,not,not,not
1591,R2HOLVPM9L6UAW,not,not,not,not,not,not,not,not,not,not
1592,R124A9RCE0C1EI,not,not,not,not,in,not,not,not,not,not
1593,R19SLY8AEJ49RX,not,in,not,not,not,not,not,not,not,not
1594,R1DKTZQ1KA9IFB,not,not,not,not,in,not,not,not,not,not
1595,R2FSVAV7HIG3MD,not,not,not,not,not,not,not,not,not,not
1596,R2CABGE0AOSYQ8,not,not,not,not,not,in,not,not,not,not
1597,R2G0YW6GJNU4CM,not,not,not,not,not,in,not,not,not,not
1598,R2OXHMMI830KJ3,not,not,not,in,not,not,not,not,not,not
1599,RY9INWIK8MAL3,not,not,not,not,not,not,not,not,not,not
1600,RXOAWGI9Z98QY,in,in,not,not,not,not,not,not,not,not
1601,RVNWLGVDWE20J,in,not,not,not,in,not,not,in,not,not
1602,R3D7L40T8FAR3R,not,in,not,not,not,not,not,not,not,not
